gen_key,bus_id_origen,bus_name_origen,carrier,pg_mw,pt_mw,stat,match_type,bus_conexion500kv,bus_conexion500kv_name,n_saltos,camino
102-1,102,FUTAHI01,hydro,110.831,133.0,1,bfs,224,NPMADRYN_330kV,3,FUTAHI01 -> FUTAL330 -> PMADR330 -> NPMAD330
104-1,104,FUTAHI02,hydro,110.831,133.0,1,bfs,224,NPMADRYN_330kV,3,FUTAHI02 -> FUTAL330 -> PMADR330 -> NPMAD330
106-1,106,FUTAHI03,hydro,110.831,133.0,1,bfs,224,NPMADRYN_330kV,3,FUTAHI03 -> FUTAL330 -> PMADR330 -> NPMAD330
108-1,108,FUTAHI04,hydro,110.831,133.0,1,bfs,224,NPMADRYN_330kV,3,FUTAHI04 -> FUTAL330 -> PMADR330 -> NPMAD330
190-9,190,ALTG09CC,ccgt,155.0,165.0,1,bfs,224,NPMADRYN_330kV,4,ALTG09CC -> AL-CEB -> APPA330C -> PMADR330 -> NPMAD330
191-10,191,ALTG10CC,ccgt,155.0,168.0,1,bfs,224,NPMADRYN_330kV,4,ALTG10CC -> AL-CEB -> APPA330C -> PMADR330 -> NPMAD330
192-11,192,ALTV11CC,ccgt,130.0,140.0,1,bfs,224,NPMADRYN_330kV,4,ALTV11CC -> AL-CEB -> APPA330C -> PMADR330 -> NPMAD330
201-1,201,AL-FIAT1,ocgt,18.0,20.0,1,sin_conexion,,,-1,
202-2,202,AL-FIAT2,ocgt,19.999,9999.0,1,sin_conexion,,,-1,
203-3,203,AL-FIAT3,ocgt,19.999,9999.0,1,sin_conexion,,,-1,
204-4,204,AL-FIAT4,ocgt,20.0,20.0,1,sin_conexion,,,-1,
205-5,205,ALUATG05,ocgt,38.0,38.2,1,sin_conexion,,,-1,
206-6,206,ALUATG06,ocgt,32.0,38.2,1,sin_conexion,,,-1,
207-7,207,ALUATG07,ccgt,38.0,41.0,0,sin_conexion,,,-1,
208-8,208,ALUATG08,ccgt,38.0,49.0,0,sin_conexion,,,-1,
209-9,209,ALUATV01,ccgt,32.0,50.35,0,sin_conexion,,,-1,
219-21,219,AEG,ocgt,18.0,21.0,0,sin_conexion,,,-1,
219-22,219,AEG,ocgt,18.0,21.0,0,sin_conexion,,,-1,
251-1,251,AMEGHI01,hydro,10.076,23.4,1,bfs,224,NPMADRYN_330kV,6,AMEGHI01 -> AMEGH132 -> TRELW132 -> DGPAL132 -> PMADRYN1 -> PMADR330 -> NPMAD330
252-2,252,AMEGHI02,hydro,20.0,23.4,1,bfs,224,NPMADRYN_330kV,6,AMEGHI02 -> AMEGH132 -> TRELW132 -> DGPAL132 -> PMADRYN1 -> PMADR330 -> NPMAD330
304-1,304,SGRA13.2,ocgt,0.0,9999.0,0,bfs,224,NPMADRYN_330kV,4,SGRA13.2 -> SGRAN132 -> PMADRYN1 -> PMADR330 -> NPMAD330
304-2,304,SGRA13.2,ocgt,0.0,9999.0,0,bfs,224,NPMADRYN_330kV,4,SGRA13.2 -> SGRAN132 -> PMADRYN1 -> PMADR330 -> NPMAD330
406-1,406,CRIVTG26,ocgt,25.5,9999.0,0,bfs,461,SCN_500_132kV,4,CRIVTG26 -> C.RIV.A -> C.RIV.A1 -> PT1-132M -> SCN_132
406-2,406,CRIVTG26,ocgt,25.0,9999.0,0,bfs,461,SCN_500_132kV,4,CRIVTG26 -> C.RIV.A -> C.RIV.A1 -> PT1-132M -> SCN_132
409-1,409,CRIVTG21,ocgt,11.5,9999.0,0,bfs,461,SCN_500_132kV,4,CRIVTG21 -> C.RIV.A -> C.RIV.A1 -> PT1-132M -> SCN_132
422-1,422,CRIVTG23,ocgt,16.0,20.5,0,bfs,461,SCN_500_132kV,3,CRIVTG23 -> C.RIV.A1 -> PT1-132M -> SCN_132
437-1,437,CRIVTG78,ccgt,20.0,25.0,0,bfs,461,SCN_500_132kV,4,CRIVTG78 -> C.RIV.A -> C.RIV.A1 -> PT1-132M -> SCN_132
437-2,437,CRIVTG78,ccgt,20.0,25.0,0,bfs,461,SCN_500_132kV,4,CRIVTG78 -> C.RIV.A -> C.RIV.A1 -> PT1-132M -> SCN_132
438-2,438,CRIVTV25,ccgt,20.0,22.6,0,bfs,461,SCN_500_132kV,4,CRIVTV25 -> C.RIV.A -> C.RIV.A1 -> PT1-132M -> SCN_132
453-1,453,DIADEO01,wind,3.241,6.3,1,bfs,461,SCN_500_132kV,6,DIADEO01 -> DIAD33_01 -> DIADEMA -> CTPAT132 -> C.RIV.A1 -> PT1-132M -> SCN_132
464-1,464,PTR1TG24,ocgt,15.0,15.0,0,bfs,461,SCN_500_132kV,2,PTR1TG24 -> PT1-132M -> SCN_132
466-1,466,PTR1TG25,ocgt,15.0,15.0,0,bfs,461,SCN_500_132kV,2,PTR1TG25 -> PT1-132M -> SCN_132
468-1,468,PTR1TG23,ocgt,15.0,15.0,0,bfs,461,SCN_500_132kV,3,PTR1TG23 -> PTRUN235 -> PT1-132M -> SCN_132
476-1,476,HUEMDI01,diesel,6.0,25.0,1,bfs,461,SCN_500_132kV,4,HUEMDI01 -> HUEMUL -> PTRUN235 -> PT1-132M -> SCN_132
478-1,478,MESEDI01,ocgt,10.076,10.8,1,bfs,461,SCN_500_132kV,5,MESEDI01 -> MESESPI -> ELCORDON -> PTRUN235 -> PT1-132M -> SCN_132
491-1,491,PATATG01,ccgt,30.227,39.3,1,bfs,461,SCN_500_132kV,4,PATATG01 -> CTPAT132 -> C.RIV.A1 -> PT1-132M -> SCN_132
492-2,492,PATATG02,ccgt,30.0,39.3,0,bfs,461,SCN_500_132kV,4,PATATG02 -> CTPAT132 -> C.RIV.A1 -> PT1-132M -> SCN_132
493-1,493,PATATV01,ccgt,20.151,67.0,1,bfs,461,SCN_500_132kV,4,PATATV01 -> CTPAT132 -> C.RIV.A1 -> PT1-132M -> SCN_132
523-1,523,RTURTV01,steam,50.0,120.0,1,bfs,117,ESPERANZ_220kV,2,RTURTV01 -> R.TURBIO -> ESPERANZ
525-2,525,RTURTV02,steam,70.0,120.0,1,bfs,117,ESPERANZ_220kV,2,RTURTV02 -> R.TURBIO -> ESPERANZ
536-1,536,MBE2DI01,diesel,8.564,11.76,1,sin_conexion,,,-1,
536-3,536,MBE2DI01,diesel,8.564,11.76,1,sin_conexion,,,-1,
536-5,536,MBE2DI01,diesel,8.5,11.76,0,sin_conexion,,,-1,
601-3,601,CHN3EO01,wind,29.667,57.66,1,bfs,224,NPMADRYN_330kV,6,CHN3EO01 -> CHNO33_02 -> CHNO33_01 -> CHUBUNOR -> PMADRYN1 -> PMADR330 -> NPMAD330
602-1,602,MAL1EO01,wind,25.932,50.4,1,bfs,461,SCN_500_132kV,7,MAL1EO01 -> MALAS33_02 -> MALAS33_01 -> MALASPINA -> CTPAT132 -> C.RIV.A1 -> PT1-132M -> SCN_132
604-1,604,LEONEO01,wind,63.116,122.67,1,bfs,461,SCN_500_132kV,4,LEONEO01 -> C.LEON33_02 -> C.LEON33_01 -> C.LEON -> SCN_132
605-1,605,LOM6EO01,wind,25.932,50.4,1,sin_conexion,,,-1,
607-1,607,MANBDI01,diesel,8.4,8.4,1,sin_conexion,,,-1,
608-4,608,CHN4EO01,wind,20.282,39.42,1,bfs,221,NPMADRYN_132kV,4,CHN4EO01 -> CHNO33_04 -> CHNO33_03 -> CHUBUNOR2 -> PMADRYN2
609-2,609,CHN2EO01,wind,14.4,28.8,0,bfs,224,NPMADRYN_330kV,6,CHN2EO01 -> CHNO33_03 -> CHNO33_01 -> CHUBUNOR -> PMADRYN1 -> PMADR330 -> NPMAD330
618-2,618,MANBDI02,diesel,16.98,16.98,1,sin_conexion,,,-1,
619-2,619,MBE2DI02,diesel,8.564,11.76,1,sin_conexion,,,-1,
619-4,619,MBE2DI02,diesel,8.5,11.76,0,sin_conexion,,,-1,
620-2,620,RESCHI02,hydro,4.03,5.185,1,bfs,224,NPMADRYN_330kV,12,RESCHI02 -> R.ESCONDIDO -> ELBOLSON -> LPU-EBL -> LGO-EBL -> GOLONDRI -> ELCOIHUE -> ELCOIHUE -> ESQUE132 -> FUTAL132 -> FUTAL330 -> PMADR330 -> NPMAD330
621-1,621,FLECEO01,wind,39.0,78.0,1,bfs,224,NPMADRYN_330kV,6,FLECEO01 -> FLECEO01_33 -> LA FLECHA -> AL-CEA -> APPA330A -> PMADR330 -> NPMAD330
622-2,622,FLECEO02,wind,39.0,78.0,1,bfs,224,NPMADRYN_330kV,6,FLECEO02 -> FLECEO02_33 -> LA FLECHA -> AL-CEA -> APPA330A -> PMADR330 -> NPMAD330
623-3,623,FLECEO03,wind,39.0,78.0,1,bfs,224,NPMADRYN_330kV,6,FLECEO03 -> FLECEO03_33 -> LA FLECHA -> AL-CEA -> APPA330A -> PMADR330 -> NPMAD330
624-4,624,FLECEO04,wind,39.0,78.0,1,bfs,224,NPMADRYN_330kV,6,FLECEO04 -> FLECEO04_33 -> LA FLECHA -> AL-CEA -> APPA330A -> PMADR330 -> NPMAD330
627-1,627,ALUEO04,wind,11.0,22.5,1,bfs,224,NPMADRYN_330kV,8,ALUEO04 -> WTG2A_HV -> WTG2_MV -> PEALUAUX -> PE_ALUAR -> AL-CEB -> APPA330C -> PMADR330 -> NPMAD330
629-1,629,ALUEO06,wind,16.0,31.5,1,bfs,224,NPMADRYN_330kV,8,ALUEO06 -> WTG1A_HV -> WTG3_MV -> PEALUAUX -> PE_ALUAR -> AL-CEB -> APPA330C -> PMADR330 -> NPMAD330
650-1,650,GARAEO01,wind,15.903,24.15,1,bfs,461,SCN_500_132kV,7,GARAEO01 -> GARA33_01 -> GARAYALDE -> MALASPINA -> CTPAT132 -> C.RIV.A1 -> PT1-132M -> SCN_132
651-1,651,CHNOEO01,wind,15.903,28.35,1,bfs,224,NPMADRYN_330kV,6,CHNOEO01 -> CHNO33_02 -> CHNO33_01 -> CHUBUNOR -> PMADRYN1 -> PMADR330 -> NPMAD330
652-1,652,LHEREO01,wind,55.568,97.2,1,bfs,461,SCN_500_132kV,4,LHEREO01 -> HERC33_01 -> HERC33_02 -> HERCULES -> SCN_132
654-1,654,BICEEO01,wind,51.863,100.8,1,bfs,461,SCN_500_132kV,6,BICEEO01 -> BICE33_02 -> BICE33_01 -> PEBICENT -> PCR -> PT1-132M -> SCN_132
658-1,658,BIC2EO01,wind,12.966,25.2,1,bfs,461,SCN_500_132kV,6,BIC2EO01 -> BICE33_03 -> BICE33_01 -> PEBICENT -> PCR -> PT1-132M -> SCN_132
659-1,659,DIA2EO01,wind,15.903,29.4,1,sin_conexion,,,-1,
661-1,661,YPFATG01,ocgt,30.227,40.0,1,bfs,461,SCN_500_132kV,4,YPFATG01 -> LPER1132 -> LASHE132 -> HERCULES -> SCN_132
662-2,662,YPFATG02,ocgt,30.227,40.0,1,bfs,461,SCN_500_132kV,4,YPFATG02 -> LPER1132 -> LASHE132 -> HERCULES -> SCN_132
663-1,663,RESCHI01,hydro,5.038,7.2,1,bfs,224,NPMADRYN_330kV,12,RESCHI01 -> R.ESCONDIDO -> ELBOLSON -> LPU-EBL -> LGO-EBL -> GOLONDRI -> ELCOIHUE -> ELCOIHUE -> ESQUE132 -> FUTAL132 -> FUTAL330 -> PMADR330 -> NPMAD330
664-1,664,KOSTEO01,wind,12.966,25.2,1,bfs,461,SCN_500_132kV,9,KOSTEO01 -> KOST33_02 -> KOST33_01 -> PAMCA132 -> ESCALANT -> DIADEMA -> CTPAT132 -> C.RIV.A1 -> PT1-132M -> SCN_132
670-1,670,RCHITG01,ocgt,15.0,17.5,1,bfs,117,ESPERANZ_220kV,3,RCHITG01 -> RGALLEGO -> RGALLEGO -> ESPERANZ
671-2,671,RCHITG02,ocgt,15.0,17.5,1,bfs,117,ESPERANZ_220kV,3,RCHITG02 -> RGALLEGO -> RGALLEGO -> ESPERANZ
673-3,673,RCHITG03,ocgt,9.0,10.0,0,bfs,117,ESPERANZ_220kV,3,RCHITG03 -> RGALLEGO -> RGALLEGO -> ESPERANZ
674-4,674,RCHITG04,ocgt,9.0,10.0,0,bfs,117,ESPERANZ_220kV,3,RCHITG04 -> RGALLEGO -> RGALLEGO -> ESPERANZ
675-1,675,RAW1EO,wind,42.036,81.7,1,bfs,224,NPMADRYN_330kV,9,RAW1EO -> PER-33 -> PER-33 -> PER-132 -> RAWSON -> TRELW132 -> DGPAL132 -> PMADRYN1 -> PMADR330 -> NPMAD330
676-3,676,RAW3EO01,wind,12.842,24.96,1,bfs,224,NPMADRYN_330kV,9,RAW3EO01 -> PER-33 -> PER-33 -> PER-132 -> RAWSON -> TRELW132 -> DGPAL132 -> PMADRYN1 -> PMADR330 -> NPMAD330
679-1,679,PMA1EO01,wind,36.531,71.0,1,bfs,221,NPMADRYN_132kV,4,PMA1EO01 -> PEM33_02 -> PEM33_01 -> PE_PMADR -> PMADRYN2
680-1,680,PMA2EO01,wind,77.178,150.0,1,bfs,221,NPMADRYN_132kV,4,PMA2EO01 -> PEM33_03 -> PEM33_01 -> PE_PMADR -> PMADRYN2
682-1,682,CHN4EO01,wind,22.536,43.8,1,bfs,221,NPMADRYN_132kV,4,CHN4EO01 -> CHNO33_05 -> CHNO33_06 -> CHUBUNOR2 -> PMADRYN2
684-1,684,LOM1EO01,wind,27.012,52.5,1,bfs,221,NPMADRYN_132kV,4,LOM1EO01 -> PELB33_02 -> PELB33_01 -> LB ESTE -> PMADRYN2
685-3,685,LOM3EO01,wind,27.012,52.5,1,bfs,221,NPMADRYN_132kV,4,LOM3EO01 -> PELB33_06 -> PELB33_05 -> LB ESTE -> PMADRYN2
686-2,686,LOM2EO01,wind,27.012,52.5,1,bfs,221,NPMADRYN_132kV,4,LOM2EO01 -> PELB33_04 -> PELB33_03 -> LB -> PMADRYN2
687-4,687,LBLAEO04,wind,26.24,51.0,1,bfs,221,NPMADRYN_132kV,4,LBLAEO04 -> PELB33_08 -> PELB33_07 -> LB -> PMADRYN2
688-2,688,LOM6EO01,wind,25.932,50.4,1,sin_conexion,,,-1,
691-1,691,MANAEO01,wind,25.932,51.75,1,sin_conexion,,,-1,
692-2,692,MANAEO02,wind,25.932,51.75,1,sin_conexion,,,-1,
1600-6,1600,ACAJTG06,ccgt,120.0,134.0,1,bfs,1200,A.CAJON_132kV_1,1,ACAJTG06 -> ACAJON 1
1601-1,1601,ACAJTG01,ccgt,45.0,51.0,1,bfs,1224,CHOCONOE_132kV,2,ACAJTG01 -> ACAJON 2 -> CHOCONOE
1602-2,1602,ACAJTG02,ccgt,45.0,48.0,1,bfs,1203,A.CAJON_132kV_2,1,ACAJTG02 -> ACAJON 3
1603-3,1603,ACAJTG03,ccgt,45.0,51.0,1,bfs,1200,A.CAJON_132kV_1,1,ACAJTG03 -> ACAJON 1
1604-4,1604,ACAJTG04,ccgt,45.0,48.25,1,bfs,1200,A.CAJON_132kV_1,1,ACAJTG04 -> ACAJON 1
1605-5,1605,ACAJTG05,ccgt,40.0,48.0,0,bfs,1200,A.CAJON_132kV_1,1,ACAJTG05 -> ACAJON 1
1606-1,1606,ACAJTV07,ccgt,240.0,280.0,1,bfs,1203,A.CAJON_132kV_2,1,ACAJTV07 -> ACAJON 3
1607-1,1607,ROCATV01,steam,50.0,62.0,1,bfs,1268,P.BAND._132kV,5,ROCATV01 -> T. ROCA -> C.ALLEN -> 5 SALTOS -> PPBAND -> P.BAND.
1608-1,1608,GPICFV,solar,20.0,25.0,1,bfs,1289,MACACHIN_132kV,5,GPICFV -> GEN.PICO_33 -> GEN.PICO -> M.MAYER -> S. ROSA -> MACACHIN
1609-1,1609,VICTFV,solar,7.2,8.91,1,bfs,1289,MACACHIN_132kV,8,VICTFV -> VICTORICA08 -> PSVICTO33KV -> LINEA33KV -> CABLE33KV -> VICTORICA_33 -> M.MAYER -> S. ROSA -> MACACHIN
1610-1,1610,DIVIHI12,hydro,4.0,5.0,1,bfs,1268,P.BAND._132kV,5,DIVIHI12 -> DIVISADE -> MEDANITO -> S.BLANCA -> PPBAND -> P.BAND.
1610-2,1610,DIVIHI12,hydro,4.0,5.0,0,bfs,1268,P.BAND._132kV,5,DIVIHI12 -> DIVISADE -> MEDANITO -> S.BLANCA -> PPBAND -> P.BAND.
1611-1,1611,ALICHI01,hydro,220.0,262.5,1,directo,1611,ALICURA_13.8kV_1,0,
1612-2,1612,ALICHI02,hydro,220.0,262.5,1,directo,1612,ALICURA_13.8kV_2,0,
1613-3,1613,ALICHI03,hydro,220.0,262.5,0,directo,1613,ALICURA_13.8kV_3,0,
1614-4,1614,ALICHI04,hydro,200.0,262.5,0,directo,1614,ALICURA_13.8kV_4,0,
1615-1,1615,CUTRFV01,solar,2.48,3.1,1,bfs,1240,CHOCON_132kV,4,CUTRFV01 -> CUTRALCO13 -> CUTRALCO -> CHNCITO -> CHOCON
1616-1,1616,PLEUEO01,wind,50.0,100.0,1,bfs,1240,CHOCON_132kV,5,PLEUEO01 -> PE P LEUFU -> PE P LEUFU -> PE P LEUFU -> CHNCITO -> CHOCON
1620-1,1620,AVALTV12,ccgt,14.0,15.0,1,bfs,1268,P.BAND._132kV,4,AVALTV12 -> A.VALLE -> 5 SALTOS -> PPBAND -> P.BAND.
1620-2,1620,AVALTV12,ccgt,14.0,15.0,1,bfs,1268,P.BAND._132kV,4,AVALTV12 -> A.VALLE -> 5 SALTOS -> PPBAND -> P.BAND.
1621-1,1621,AVALTG21,ocgt,12.0,17.0,1,bfs,1268,P.BAND._132kV,4,AVALTG21 -> A.VALLE -> 5 SALTOS -> PPBAND -> P.BAND.
1622-2,1622,AVALTG22,ccgt,22.0,26.0,1,bfs,1268,P.BAND._132kV,4,AVALTG22 -> A.VALLE -> 5 SALTOS -> PPBAND -> P.BAND.
1623-3,1623,AVALTG23,ccgt,22.0,26.0,1,bfs,1268,P.BAND._132kV,4,AVALTG23 -> A.VALLE -> 5 SALTOS -> PPBAND -> P.BAND.
1624-1,1624,BANDEO01,wind,19.8,39.6,1,bfs,1286,PUELCHE1_132kV,4,BANDEO01 -> BAND33_02 -> BAND33_01 -> LABANDER -> PUELCHES
1629-1,1629,NEU1EO01,wind,50.243,100.485,1,bfs,1240,CHOCON_132kV,4,NEU1EO01 -> BCOLO33_02 -> BCOLO33_01 -> B.COLORADA -> CHOCON
1630-1,1630,ROCATG01,ocgt,120.0,124.0,1,bfs,1268,P.BAND._132kV,5,ROCATG01 -> T. ROCA -> C.ALLEN -> 5 SALTOS -> PPBAND -> P.BAND.
1631-1,1631,ARROHI01,hydro,32.0,42.5,1,bfs,1240,CHOCON_132kV,3,ARROHI01 -> C.H.ARRO -> ARROYITO -> CHOCON
1632-2,1632,ARROHI02,hydro,32.0,42.5,1,bfs,1240,CHOCON_132kV,3,ARROHI02 -> C.H.ARRO -> ARROYITO -> CHOCON
1633-3,1633,ARROHI03,hydro,40.0,42.5,1,bfs,1240,CHOCON_132kV,3,ARROHI03 -> C.H.ARRO -> ARROYITO -> CHOCON
1634-1,1634,LDLMDI01,diesel,7.0,7.5,1,bfs,1268,P.BAND._132kV,3,LDLMDI01 -> PPBAN33_01 -> PPBAND -> P.BAND.
1634-2,1634,LDLMDI01,diesel,7.0,7.5,1,bfs,1268,P.BAND._132kV,3,LDLMDI01 -> PPBAN33_01 -> PPBAND -> P.BAND.
1638-1,1638,SANDHI,hydro,3.0,3.9,0,bfs,1286,PUELCHE1_132kV,3,SANDHI -> S.ANDERSEN -> PICHIMAH -> PUELCHES
1638-2,1638,SANDHI,hydro,3.0,3.9,0,bfs,1286,PUELCHE1_132kV,3,SANDHI -> S.ANDERSEN -> PICHIMAH -> PUELCHES
1639-1,1639,REALDI01,diesel,20.0,24.0,1,bfs,1289,MACACHIN_132kV,6,REALDI01 -> REAL.SEC -> REALICO -> GEN.PICO -> M.MAYER -> S. ROSA -> MACACHIN
1641-1,1641,CPIEHI01,hydro,25.0,30.0,1,bfs,1268,P.BAND._132kV,6,CPIEHI01 -> CASAPIED -> DIVISADE -> MEDANITO -> S.BLANCA -> PPBAND -> P.BAND.
1642-2,1642,CPIEHI02,hydro,25.0,30.0,1,bfs,1268,P.BAND._132kV,6,CPIEHI02 -> CASAPIED -> DIVISADE -> MEDANITO -> S.BLANCA -> PPBAND -> P.BAND.
1643-1,1643,TRAPTG01,ocgt,2.43,2.43,0,sin_conexion,,,-1,
1644-1,1644,TRAPTG15,ocgt,3.7,4.8,1,sin_conexion,,,-1,
1644-2,1644,TRAPTG15,ocgt,3.7,4.8,0,sin_conexion,,,-1,
1644-3,1644,TRAPTG15,ocgt,3.7,4.8,0,sin_conexion,,,-1,
1644-4,1644,TRAPTG15,ocgt,2.2,3.26,0,sin_conexion,,,-1,
1644-5,1644,TRAPTG15,ocgt,3.2,3.93,0,sin_conexion,,,-1,
1646-5,1646,TRAPTG05,ocgt,2.3,3.5,0,sin_conexion,,,-1,
1649-2,1649,PHDZTG02,ocgt,19.0,19.4,1,bfs,1268,P.BAND._132kV,7,PHDZTG02 -> CHIHUIDO -> TRAPIAL -> L.CAMPAN -> L.LATA -> MEGA T -> PPBAND -> P.BAND.
1650-1,1650,PHDZTG01,ocgt,19.4,19.4,1,bfs,1268,P.BAND._132kV,7,PHDZTG01 -> CHIHUIDO -> TRAPIAL -> L.CAMPAN -> L.LATA -> MEGA T -> PPBAND -> P.BAND.
1651-1,1651,PAGUHI01,hydro,320.0,350.0,1,directo,1651,P.AGUILA_15.7kV_1,0,
1652-2,1652,PAGUHI02,hydro,320.0,350.0,1,directo,1652,P.AGUILA_15.7kV_2,0,
1653-3,1653,PAGUHI03,hydro,320.0,350.0,1,directo,1653,P.AGUILA_15.7kV_3,0,
1654-4,1654,PAGUHI04,hydro,320.0,350.0,0,directo,1654,P.AGUILA_15.7kV_4,0,
1655-2,1655,LCA2TG01,ocgt,100.0,105.0,1,bfs,1268,P.BAND._132kV,6,LCA2TG01 -> CTL.CAMP -> L.CAMPAN -> L.LATA -> MEGA T -> PPBAND -> P.BAND.
1658-1,1658,POM1EO01,wind,56.55,113.1,1,bfs,1226,CH.CHOEL_132kV,3,POM1EO01 -> POMO33_01 -> POMONA -> CH.CHOEL
1661-1,1661,CHOCHI01,hydro,160.0,200.0,1,directo,1661,C.H.CHOC_16kV_1,0,
1662-2,1662,CHOCHI02,hydro,160.0,200.0,1,directo,1662,C.H.CHOC_16kV_2,0,
1663-3,1663,CHOCHI03,hydro,160.0,200.0,1,directo,1663,C.H.CHOC_16kV_3,0,
1664-4,1664,CHOCHI04,hydro,160.0,200.0,1,directo,1664,C.H.CHOC_16kV_4,0,
1665-5,1665,CHOCHI05,hydro,160.0,200.0,0,directo,1665,C.H.CHOC_16kV_5,0,
1666-6,1666,CHOCHI06,hydro,160.0,200.0,0,directo,1666,C.H.CHOC_16kV_6,0,
1671-1,1671,LDLATG01,ocgt,116.0,127.0,1,directo,1671,L.LATA_11.5kV_1,0,
1672-2,1672,LDLATG02,ocgt,120.0,127.0,1,directo,1672,L.LATA_11.5kV_2,0,
1673-3,1673,LDLATG03,ocgt,100.0,127.0,0,directo,1673,L.LATA_11.5kV_3,0,
1674-1,1674,LDLATV01,ccgt,110.0,178.8,0,directo,1674,L.LATA_15.8kV,0,
1675-4,1675,LDLATG04,ocgt,100.0,100.0,0,directo,1675,L.LATA_11.5kV_4,0,
1676-1,1676,LCAMTG01,ocgt,100.0,105.0,0,bfs,1268,P.BAND._132kV,6,LCAMTG01 -> CTL.CAMP -> L.CAMPAN -> L.LATA -> MEGA T -> PPBAND -> P.BAND.
1677-5,1677,LDLATG05,ocgt,100.5,107.0,0,directo,1677,L.LATA_11.5kV_5,0,
1678-1,1678,BARIDI01,diesel,5.0,20.4,0,bfs,1204,ALICURA_132kV,5,BARIDI01 -> BARI13_02 -> BARI33_01 -> BARILOCH -> PILCANIY -> ALICURA
1681-1,1681,PPLEHI01,hydro,80.0,85.5,1,directo,1681,PPLEUFU_13.8kV_1,0,
1682-2,1682,PPLEHI02,hydro,80.0,85.5,1,directo,1682,PPLEUFU_13.8kV_2,0,
1683-3,1683,PPLEHI03,hydro,80.0,85.5,1,directo,1683,PPLEUFU_13.8kV_3,0,
1691-1,1691,PBANHI01,hydro,180.0,225.0,1,directo,1691,P.BAND._16kV_1,0,
1692-2,1692,PBANHI02,hydro,150.0,225.0,0,directo,1692,P.BAND._16kV_2,0,
1693-G,1693,HUIN.CC,ccgt,100.0,308.0,0,sin_conexion,,,-1,
1693-V,1693,HUIN.CC,ccgt,60.0,178.5,0,sin_conexion,,,-1,
1694-1,1694,PHUITG01,ocgt,40.0,42.73,1,bfs,1240,CHOCON_132kV,3,PHUITG01 -> HUINCUL -> ARROYITO -> CHOCON
1695-1,1695,ALOMDI01,diesel,19.0,19.0,1,bfs,1268,P.BAND._132kV,9,ALOMDI01 -> LOMITA -> CHIHUIDO -> CHIHUIDO -> TRAPIAL -> L.CAMPAN -> L.LATA -> MEGA T -> PPBAND -> P.BAND.
1699-1,1699,ELOMDI01,diesel,20.0,23.0,1,bfs,1268,P.BAND._132kV,7,ELOMDI01 -> E.LOMAS2 -> E.LOMAS -> E.LOMAS -> MEDANITO -> S.BLANCA -> PPBAND -> P.BAND.
2600-1,2600,ROJOTG01,ocgt,53.0,56.0,1,bfs,2327,RAMALLO_132kV,4,ROJOTG01 -> SNIC.OESTE -> SNICOLA4 -> SIDERAR -> RAMALLO2
2601-1,2601,MDPATG21,ocgt,22.0,25.0,1,bfs,2410,VIVORATA_132kV,6,MDPATG21 -> 9 JULIO -> ETSUR.TRANS2 -> ETSUR.MDP -> ETSUR.TRANS1 -> M.PLATA2 -> VIVORATA
2602-2,2602,MDPATG12,ocgt,14.0,17.0,1,bfs,2410,VIVORATA_132kV,6,MDPATG12 -> 9 JULIO -> ETSUR.TRANS2 -> ETSUR.MDP -> ETSUR.TRANS1 -> M.PLATA2 -> VIVORATA
2603-3,2603,MDPATG13,ocgt,22.0,25.0,1,bfs,2410,VIVORATA_132kV,6,MDPATG13 -> 9 JULIO -> ETSUR.TRANS2 -> ETSUR.MDP -> ETSUR.TRANS1 -> M.PLATA2 -> VIVORATA
2605-1,2605,COLBDI01,diesel,20.0,22.4,1,bfs,2104,HENDERS2_220kV,10,COLBDI01 -> COL.TER -> COLON -> PERGAMI1 -> ROJAS -> JUNIN 2 -> I.M.S.A. -> LINCOLN -> BRAGADO1 -> BRAGADO -> HENDERSO
2606-1,2606,ARGETG01,ocgt,130.0,163.3,0,bfs,3120,RODRGUEZ_220kV_1,4,ARGETG01 -> ARGENER -> RAMALLOB -> V. LIA -> RODRIGU1
2607-7,2607,MDPATV07,steam,25.0,28.0,0,bfs,2410,VIVORATA_132kV,6,MDPATV07 -> 9 JULIO -> ETSUR.TRANS2 -> ETSUR.MDP -> ETSUR.TRANS1 -> M.PLATA2 -> VIVORATA
2608-8,2608,MDPATV08,steam,25.0,28.0,0,bfs,2410,VIVORATA_132kV,6,MDPATV08 -> 9 JULIO -> ETSUR.TRANS2 -> ETSUR.MDP -> ETSUR.TRANS1 -> M.PLATA2 -> VIVORATA
2609-9,2609,MDPATG19,ocgt,15.0,15.0,0,bfs,2410,VIVORATA_132kV,6,MDPATG19 -> 9 JULIO -> ETSUR.TRANS2 -> ETSUR.MDP -> ETSUR.TRANS1 -> M.PLATA2 -> VIVORATA
2609-V,2609,MDPATG19,ocgt,12.0,15.0,0,bfs,2410,VIVORATA_132kV,6,MDPATG19 -> 9 JULIO -> ETSUR.TRANS2 -> ETSUR.MDP -> ETSUR.TRANS1 -> M.PLATA2 -> VIVORATA
2610-1,2610,ATUCNUCL,nuclear,350.0,362.0,1,bfs,3120,RODRGUEZ_220kV_1,3,ATUCNUCL -> ATUCHA 1 -> V. LIA -> RODRIGU1
2611-1,2611,NECOTV01,steam,25.0,32.0,1,bfs,2410,VIVORATA_132kV,4,NECOTV01 -> NECOCHE1 -> QUEQUEN -> M.PLATA2 -> VIVORATA
2612-2,2612,NECOTV02,steam,25.0,32.0,1,bfs,2298,OLAVARRI_132kV_2,4,NECOTV02 -> NECOCHE2 -> G.CHAVE1 -> CHILLAR -> OLAVARR2
2613-3,2613,NECOTV03,steam,55.0,70.0,0,bfs,2410,VIVORATA_132kV,4,NECOTV03 -> NECOCHE1 -> QUEQUEN -> M.PLATA2 -> VIVORATA
2614-4,2614,NECOTV04,steam,55.0,70.0,0,bfs,2298,OLAVARRI_132kV_2,4,NECOTV04 -> NECOCHE2 -> G.CHAVE1 -> CHILLAR -> OLAVARR2
2615-1,2615,ARREDI01,diesel,16.5,20.0,0,bfs,3120,RODRGUEZ_220kV_1,9,ARREDI01 -> ARRECIFE -> ARRECIFE -> ARRECIFE -> PERGAMIN -> PERGAMI2 -> RAMALLO1 -> RAMALLOB -> V. LIA -> RODRIGU1
2616-1,2616,MDPATG22,ocgt,18.0,25.0,1,bfs,2410,VIVORATA_132kV,6,MDPATG22 -> 9 JULIO -> ETSUR.TRANS2 -> ETSUR.MDP -> ETSUR.TRANS1 -> M.PLATA2 -> VIVORATA
2617-1,2617,OLAVEO01,wind,49.5,99.0,1,bfs,2298,OLAVARRI_132kV_2,4,OLAVEO01 -> OLAV33_02 -> OLAV33_01 -> LA CHINA -> OLAVARR2
2618-2,2618,ROJOTG02,ocgt,45.0,56.0,1,bfs,2327,RAMALLO_132kV,4,ROJOTG02 -> SNIC.OESTE -> SNICOLA4 -> SIDERAR -> RAMALLO2
2619-3,2619,ROJOTG03,ocgt,45.0,56.0,1,bfs,2327,RAMALLO_132kV,4,ROJOTG03 -> SNIC.OESTE -> SNICOLA4 -> SIDERAR -> RAMALLO2
2620-1,2620,ATU2NUCL,nuclear,728.909,745.0,1,directo,2620,ATUCHA 2_21kV,0,
2621-1,2621,BRKETG01,ocgt,45.0,56.0,1,bfs,2298,OLAVARRI_132kV_2,2,BRKETG01 -> BARKER2 -> OLAVARR2
2622-2,2622,BRKETG02,ocgt,45.0,56.0,1,bfs,2298,OLAVARRI_132kV_2,2,BRKETG02 -> BARKER2 -> OLAVARR2
2624-3,2624,BRKETG03,ocgt,45.0,56.0,1,bfs,2298,OLAVARRI_132kV_2,2,BRKETG03 -> BARKER2 -> OLAVARR2
2625-1,2625,BROWTG01,ocgt,230.0,250.0,1,directo,2625,GUIBROWN_20kV_1,0,
2626-2,2626,BROWTG02,ocgt,275.0,300.0,1,directo,2626,GUIBROWN_20kV_2,0,
2627-3,2627,BROWTV01,ocgt,150.0,350.0,1,directo,2627,GUIBROWN_20kV_3,0,
2628-23,2628,MDPATG23,ocgt,48.0,51.25,1,bfs,2410,VIVORATA_132kV,6,MDPATG23 -> 9 JULIO -> ETSUR.TRANS2 -> ETSUR.MDP -> ETSUR.TRANS1 -> M.PLATA2 -> VIVORATA
2629-1,2629,BBLATV29,steam,240.0,310.0,0,directo,2629,PBUENA1_20kV,0,
2630-2,2630,BBLATV30,steam,280.0,310.0,1,directo,2630,PBUENA2_20kV,0,
2631-24,2631,MDPATG24,ocgt,48.0,51.25,1,bfs,2410,VIVORATA_132kV,6,MDPATG24 -> 9 JULIO -> ETSUR.TRANS2 -> ETSUR.MDP -> ETSUR.TRANS1 -> M.PLATA2 -> VIVORATA
2632-1,2632,LUJBTG01,ocgt,60.0,66.0,1,bfs,3365,RODRGUEZ_132kV_5,5,LUJBTG01 -> CTLUJAII -> LUJAN II -> MALVIBA1 -> P.I. N1 -> RODRIG01
2633-2,2633,LUJBTG02,ocgt,60.0,66.0,1,bfs,3365,RODRGUEZ_132kV_5,5,LUJBTG02 -> CTLUJAII -> LUJAN II -> MALVIBA1 -> P.I. N1 -> RODRIG01
2634-3,2634,BRAGTG34,ocgt,29.0,30.0,1,bfs,2104,HENDERS2_220kV,3,BRAGTG34 -> BRAGADO1 -> BRAGADO -> HENDERSO
2634-4,2634,BRAGTG34,ocgt,29.0,30.0,1,bfs,2104,HENDERS2_220kV,3,BRAGTG34 -> BRAGADO1 -> BRAGADO -> HENDERSO
2635-1,2635,SOLATG01,ccgt,48.0,64.9,1,bfs,2208,B.BLANCA_132kV_2,3,SOLATG01 -> SOLALBAN -> PQBB. 1 -> B.BCA2
2636-1,2636,SOLATG02,ccgt,48.0,64.9,1,bfs,2208,B.BLANCA_132kV_2,3,SOLATG02 -> SOLALBAN -> PQBB. 1 -> B.BCA2
2637-4,2637,BRKETG04,ocgt,45.0,56.0,1,bfs,2298,OLAVARRI_132kV_2,2,BRKETG04 -> BARKER2 -> OLAVARR2
2638-1,2638,LOBODI01,diesel,12.0,15.4,1,bfs,3365,RODRGUEZ_132kV_5,8,LOBODI01 -> LOBOS -> LOBOS 66 -> LHERAS66 -> LUJAN -> LUJANBA2 -> MALVIBA1 -> P.I. N1 -> RODRIG01
2639-5,2639,BRAGTG56,ocgt,29.0,30.0,1,bfs,2104,HENDERS2_220kV,3,BRAGTG56 -> BRAGADO1 -> BRAGADO -> HENDERSO
2639-6,2639,BRAGTG56,ocgt,29.0,30.0,0,bfs,2104,HENDERS2_220kV,3,BRAGTG56 -> BRAGADO1 -> BRAGADO -> HENDERSO
2640-5,2640,MDAJTG57,ocgt,12.0,15.0,1,bfs,2410,VIVORATA_132kV,5,MDAJTG57 -> TG MAJO1 -> PINAMAR -> VADELMAR -> V.GESSEL -> VIVORATA
2640-7,2640,MDAJTG57,ocgt,12.0,15.0,0,bfs,2410,VIVORATA_132kV,5,MDAJTG57 -> TG MAJO1 -> PINAMAR -> VADELMAR -> V.GESSEL -> VIVORATA
2641-1,2641,LINCDI01,diesel,15.0,15.0,1,bfs,2104,HENDERS2_220kV,5,LINCDI01 -> LINCO13_01 -> LINCOLN -> BRAGADO1 -> BRAGADO -> HENDERSO
2642-1,2642,VGADDI01,diesel,27.0,32.48,0,bfs,2245,HENDERS2_132kV,4,VGADDI01 -> GVILLE13_01 -> G.VILLEG -> PEHUAJO -> HENDERS2
2643-1,2643,SAL2TG01,ocgt,53.4,53.4,1,bfs,2293,25MAYO_1_132kV,6,SAL2TG01 -> CTSALTO2 -> SALTO -> CHAC.IND -> CHACABUC -> BRAGADO2 -> 25MAY_01
2644-1,2644,BBLMDI13,diesel,16.0,16.8,1,bfs,2206,B.BLANCA_132kV_1,7,BBLMDI13 -> PBUENA2 -> URBANABB -> PQBB. 3 -> SUR -> CHANARES -> NORTE II -> B.BCA 1
2644-2,2644,BBLMDI13,diesel,16.0,16.8,1,bfs,2206,B.BLANCA_132kV_1,7,BBLMDI13 -> PBUENA2 -> URBANABB -> PQBB. 3 -> SUR -> CHANARES -> NORTE II -> B.BCA 1
2644-3,2644,BBLMDI13,diesel,16.8,16.8,0,bfs,2206,B.BLANCA_132kV_1,7,BBLMDI13 -> PBUENA2 -> URBANABB -> PQBB. 3 -> SUR -> CHANARES -> NORTE II -> B.BCA 1
2645-1,2645,PEDRTG01,ocgt,20.0,53.4,1,bfs,2327,RAMALLO_132kV,4,PEDRTG01 -> CT.S.PEDRO -> S.PEDRO2 -> RAMA.IND -> RAMALLO2
2646-1,2646,ZARATG01,ocgt,47.0,53.4,1,bfs,3120,RODRGUEZ_220kV_1,6,ZARATG01 -> CTPALMAS -> PALMAS.1 -> ATUCHA 1 -> ATUCHA 1 -> V. LIA -> RODRIGU1
2647-2,2647,ZARATG02,ocgt,47.0,53.4,1,bfs,3120,RODRGUEZ_220kV_1,6,ZARATG02 -> CTPALMAS -> PALMAS.1 -> ATUCHA 1 -> ATUCHA 1 -> V. LIA -> RODRIGU1
2648-1,2648,LCASEO01,wind,58.0,116.0,1,bfs,2206,B.BLANCA_132kV_1,7,LCASEO01 -> CAST33_02 -> CAST33_01 -> CASTELLA -> PI CHA-LCAS -> CHANARES -> NORTE II -> B.BCA 1
2650-1,2650,BRKETV01,steam,40.0,65.3,1,bfs,2298,OLAVARRI_132kV_2,2,BRKETV01 -> BARKER2 -> OLAVARR2
2651-4,2651,BBLMDI46,diesel,16.8,16.8,0,bfs,2206,B.BLANCA_132kV_1,7,BBLMDI46 -> PBUENA2 -> URBANABB -> PQBB. 3 -> SUR -> CHANARES -> NORTE II -> B.BCA 1
2651-5,2651,BBLMDI46,diesel,16.8,16.8,0,bfs,2206,B.BLANCA_132kV_1,7,BBLMDI46 -> PBUENA2 -> URBANABB -> PQBB. 3 -> SUR -> CHANARES -> NORTE II -> B.BCA 1
2651-6,2651,BBLMDI46,diesel,16.8,16.8,0,bfs,2206,B.BLANCA_132kV_1,7,BBLMDI46 -> PBUENA2 -> URBANABB -> PQBB. 3 -> SUR -> CHANARES -> NORTE II -> B.BCA 1
2652-1,2652,JUNIDI01,diesel,22.4,22.4,1,bfs,2104,HENDERS2_220kV,7,JUNIDI01 -> JUNI13_01 -> JUNIN 2 -> I.M.S.A. -> LINCOLN -> BRAGADO1 -> BRAGADO -> HENDERSO
2653-1,2653,CSARDI01,diesel,5.0,5.0,0,sin_conexion,,,-1,
2655-2,2655,PEDRTG02,ocgt,20.0,53.4,1,bfs,2327,RAMALLO_132kV,4,PEDRTG02 -> CT.S.PEDRO -> S.PEDRO2 -> RAMA.IND -> RAMALLO2
2656-1,2656,PE32EO,wind,13.5,27.0,1,bfs,2208,B.BLANCA_132kV_2,4,PE32EO -> BHON33 05 -> BHON33 06 -> BAJOHONDO -> B.BCA2
2658-1,2658,PEP6EO,wind,69.75,139.5,1,bfs,2005,T PEPE,3,PEP6EO -> PEPE 33 01 -> PEPE 33 02 -> T PEPE
2659-2,2659,ELBIEO02,wind,27.0,54.0,1,bfs,2298,OLAVARRI_132kV_2,8,ELBIEO02 -> ELBIEO0233 -> ELBIEO0233 -> ELBITAAUX -> NUMANCIA -> TANDIL1 -> BARKER -> BARKER2 -> OLAVARR2
2660-1,2660,CORTEO01,wind,50.025,100.05,1,bfs,2208,B.BLANCA_132kV_2,5,CORTEO01 -> CORT33_02 -> CORT33_01 -> CORTI -> PIQ.BB.COR -> B.BCA2
2662-1,2662,MIRAEO01,wind,49.3,98.6,1,bfs,2298,OLAVARRI_132kV_2,7,MIRAEO01 -> MIRA33_03 -> MIRA33_01 -> MIRAMAR2 -> NECOCHE2 -> G.CHAVE1 -> CHILLAR -> OLAVARR2
2664-3,2664,ZARATG03,ocgt,47.0,53.4,1,bfs,3120,RODRGUEZ_220kV_1,6,ZARATG03 -> CTPALMAS -> PALMAS.1 -> ATUCHA 1 -> ATUCHA 1 -> V. LIA -> RODRIGU1
2665-4,2665,ZARATG04,ocgt,47.0,53.4,1,bfs,3120,RODRGUEZ_220kV_1,6,ZARATG04 -> CTPALMAS -> PALMAS.1 -> ATUCHA 1 -> ATUCHA 1 -> V. LIA -> RODRIGU1
2666-4,2666,ROJOTG04,ocgt,45.0,56.0,1,bfs,2327,RAMALLO_132kV,4,ROJOTG04 -> SNIC.OESTE -> SNICOLA4 -> SIDERAR -> RAMALLO2
2667-5,2667,ROJOTV01,steam,50.0,60.0,1,bfs,2327,RAMALLO_132kV,4,ROJOTV01 -> SNIC.OESTE -> SNICOLA4 -> SIDERAR -> RAMALLO2
2668-3,2668,PEDRTG03,ocgt,20.0,53.4,1,bfs,2327,RAMALLO_132kV,4,PEDRTG03 -> CT.S.PEDRO -> S.PEDRO2 -> RAMA.IND -> RAMALLO2
2669-1,2669,PEDRTV01,steam,30.0,60.0,0,bfs,2327,RAMALLO_132kV,4,PEDRTV01 -> CT.S.PEDRO -> S.PEDRO2 -> RAMA.IND -> RAMALLO2
2670-1,2670,SIDETV,steam,35.0,35.0,1,bfs,2292,CAMPANA_132kV_1,2,SIDETV -> DALMINE1 -> NCAMP1
2671-1,2671,SNICTV11,steam,50.0,75.0,1,sin_conexion,,,-1,
2672-2,2672,SNICTV12,steam,50.0,75.0,1,sin_conexion,,,-1,
2673-3,2673,SNICTV13,steam,50.0,75.0,1,sin_conexion,,,-1,
2674-4,2674,SNICTV14,steam,50.0,67.0,1,bfs,2327,RAMALLO_132kV,3,SNICTV14 -> SNICOLA4 -> SIDERAR -> RAMALLO2
2675-5,2675,SNICTV15,steam,250.0,350.0,0,bfs,2105,RAMALLO_220kV,2,SNICTV15 -> SNICOLAS -> RAMALLOA
2676-1,2676,SNICTG01,ocgt,10.0,25.0,1,bfs,2327,RAMALLO_132kV,4,SNICTG01 -> SNIC SNICTG -> SNICOLA4 -> SIDERAR -> RAMALLO2
2677-4,2677,AESPTG04,ocgt,10.0,25.0,1,bfs,2327,RAMALLO_132kV,4,AESPTG04 -> SNIC SNICTG -> SNICOLA4 -> SIDERAR -> RAMALLO2
2678-1,2678,ENE1EO01,wind,49.875,99.75,1,bfs,2206,B.BLANCA_132kV_1,4,ENE1EO01 -> ENER33_02 -> ENER33_01 -> TRESPICOS -> B.BCA 1
2679-1,2679,APARTV01,steam,24.0,26.5,1,bfs,2327,RAMALLO_132kV,2,APARTV01 -> SIDERAR -> RAMALLO2
2679-2,2679,APARTV01,steam,24.0,26.5,1,bfs,2327,RAMALLO_132kV,2,APARTV01 -> SIDERAR -> RAMALLO2
2679-3,2679,APARTV01,steam,24.0,26.5,1,bfs,2327,RAMALLO_132kV,2,APARTV01 -> SIDERAR -> RAMALLO2
2679-4,2679,APARTV01,steam,24.0,26.5,1,bfs,2327,RAMALLO_132kV,2,APARTV01 -> SIDERAR -> RAMALLO2
2680-1,2680,VGESTG12,ocgt,12.0,14.0,1,bfs,2410,VIVORATA_132kV,2,VGESTG12 -> V.GESSEL -> VIVORATA
2680-2,2680,VGESTG12,ocgt,12.0,14.0,1,bfs,2410,VIVORATA_132kV,2,VGESTG12 -> V.GESSEL -> VIVORATA
2681-1,2681,PAMEEO01,wind,26.6,53.2,1,bfs,2208,B.BLANCA_132kV_2,5,PAMEEO01 -> CORT33_04 -> CORT33_03 -> CORTI -> PIQ.BB.COR -> B.BCA2
2682-3,2682,VGESTG14,ocgt,12.0,17.0,1,bfs,2410,VIVORATA_132kV,2,VGESTG14 -> V.GESSEL -> VIVORATA
2684-1,2684,PEP3EO,wind,27.0,54.0,1,bfs,2208,B.BLANCA_132kV_2,4,PEP3EO -> BHON33_04 -> BHON33_03 -> BAJOHONDO -> B.BCA2
2685-1,2685,MAT3EO01,wind,7.0,14.0,1,bfs,2208,B.BLANCA_132kV_2,4,MAT3EO01 -> MAT333_01 -> TRESP33_01 -> TRESPICO.O -> B.BCA2
2686-1,2686,MIR1DI01,diesel,20.0,22.4,0,bfs,2298,OLAVARRI_132kV_2,7,MIR1DI01 -> MIRA13_01 -> MIRAMAR -> MIRAMAR2 -> NECOCHE2 -> G.CHAVE1 -> CHILLAR -> OLAVARR2
2687-4,2687,VGESTG18,ocgt,75.0,80.0,1,bfs,2410,VIVORATA_132kV,2,VGESTG18 -> V.GESSEL -> VIVORATA
2688-1,2688,GRIOEO01,wind,5.0,10.0,1,bfs,2206,B.BLANCA_132kV_1,6,GRIOEO01 -> GRIO33_1 -> GRIO33_2 -> NORTE_1 -> NORTE2_2 -> NORTE II -> B.BCA 1
2689-1,2689,VLONEO01,wind,27.6,55.2,1,bfs,2206,B.BLANCA_132kV_1,6,VLONEO01 -> VILL33_02 -> VILL33_01 -> VILLALONGA -> P. LURO -> M.BURATO -> B.BCA 1
2690-1,2690,VSECEO01,wind,12.5,25.0,1,bfs,2206,B.BLANCA_132kV_1,4,VSECEO01 -> VSEC33_02 -> VSEC33_01 -> M.BURATO -> B.BCA 1
2691-1,2691,NEC1EO01,wind,18.975,37.95,1,bfs,2298,OLAVARRI_132kV_2,6,NEC1EO01 -> NECO33_02 -> NECO33_01 -> NECOCHE2 -> G.CHAVE1 -> CHILLAR -> OLAVARR2
2692-1,2692,AESPTG01,ccgt,230.0,262.98,1,directo,2692,AES PARA_15kV_1,0,
2693-2,2693,AESPTG02,ccgt,240.0,262.982,1,directo,2693,AES PARA_15kV_2,0,
2694-3,2694,AESPTV01,ccgt,206.0,319.303,1,directo,2694,AES PARA_20kV,0,
2695-1,2695,GBELTG01,ccgt,250.0,260.0,1,directo,2695,BELGRANO1_20kV_1,0,
2696-2,2696,GBELTG02,ccgt,250.0,262.98,1,directo,2696,BELGRANO1_20kV_2,0,
2697-3,2697,GBELTV01,ccgt,300.0,319.303,1,directo,2697,BELGRANO1_20kV_3,0,
2699-1,2699,CERITV01,steam,12.0,14.2,1,bfs,2206,B.BLANCA_132kV_1,6,CERITV01 -> ETANO -> PUNTO_E -> CHANARES -> CHANARES -> NORTE II -> B.BCA 1
2900-3,2900,ELBIEO03,wind,27.0,54.0,1,bfs,2298,OLAVARRI_132kV_2,8,ELBIEO03 -> ELBIEO0333 -> ELBIEO0333 -> ELBITAAUX -> NUMANCIA -> TANDIL1 -> BARKER -> BARKER2 -> OLAVARR2
2902-2,2902,VSECEO01,wind,12.5,25.0,1,bfs,2206,B.BLANCA_132kV_1,4,VSECEO01 -> VSEC33_03 -> VSEC33_04 -> M.BURATO -> B.BCA 1
2903-1,2903,VIVOEO01,wind,24.75,49.5,1,bfs,2410,VIVORATA_132kV,5,VIVOEO01 -> VIVO33_02 -> VIVO33_01 -> PE VIVO AUX -> PE VIVORATA -> VIVORATA
2904-1,2904,ELBIEO01,wind,27.0,54.0,1,bfs,2298,OLAVARRI_132kV_2,8,ELBIEO01 -> ELBIEO0133 -> ELBIEO0133 -> ELBITAAUX -> NUMANCIA -> TANDIL1 -> BARKER -> BARKER2 -> OLAVARR2
2905-1,2905,BAHIEO01,wind,26.6,53.2,1,bfs,2208,B.BLANCA_132kV_2,4,BAHIEO01 -> BHON33_02 -> BHON33_01 -> BAJOHONDO -> B.BCA2
2906-1,2906,CASAEO01,wind,31.5,63.0,1,bfs,2296,OLAVARRI_132kV_1,3,CASAEO01 -> CAL.AVEL -> L.NEGRA -> OLAVARR1
2907-1,2907,JUNIFV01,solar,16.0,20.0,1,bfs,2104,HENDERS2_220kV,9,JUNIFV01 -> PSJUN_02 -> PSJUN_01 -> JUNI33_01 -> JUNIN 2 -> I.M.S.A. -> LINCOLN -> BRAGADO1 -> BRAGADO -> HENDERSO
2908-1,2908,GNV2EO01,wind,20.9,41.8,1,bfs,2206,B.BLANCA_132kV_1,4,GNV2EO01 -> GENO33_03 -> GENO33_01 -> GENOVEVA -> B.BCA 1
2910-1,2910,TEROEO01,wind,86.1,172.2,1,bfs,2298,OLAVARRI_132kV_2,3,TEROEO01 -> LTERO33_01 -> LOSTEROS -> OLAVARR2
2911-1,2911,GNV1EO01,wind,44.1,88.2,1,bfs,2206,B.BLANCA_132kV_1,4,GNV1EO01 -> GENO33_02 -> GENO33_01 -> GENOVEVA -> B.BCA 1
2913-1,2913,BVENEO01,wind,50.4,100.8,1,bfs,2298,OLAVARRI_132kV_2,6,BVENEO01 -> BVENEO33_02 -> BVENEO33_01 -> VASQUEZ -> G.CHAVE1 -> CHILLAR -> OLAVARR2
2914-1,2914,SJMTEO01,wind,50.4,100.8,1,bfs,2208,B.BLANCA_132kV_2,4,SJMTEO01 -> TRESP33_02 -> TRESP33_01 -> TRESPICO.O -> B.BCA2
2915-1,2915,SJMTEO01,wind,50.4,100.8,1,bfs,2208,B.BLANCA_132kV_2,4,SJMTEO01 -> TRESP33_03 -> TRESP33_01 -> TRESPICO.O -> B.BCA2
2916-1,2916,RINCEO,wind,46.2,92.4,1,bfs,2298,OLAVARRI_132kV_2,4,RINCEO -> PERINC_02 -> PERINC_01 -> LA CHINA -> OLAVARR2
2917-1,2917,LINCFV01,solar,16.0,20.0,1,bfs,2104,HENDERS2_220kV,7,LINCFV01 -> PSLINC_02 -> PSLINC_01 -> LINCO33_01 -> LINCOLN -> BRAGADO1 -> BRAGADO -> HENDERSO
2996-1,2996,PERGDI01,biogas,3.8,3.8,1,bfs,3120,RODRGUEZ_220kV_1,6,PERGDI01 -> PERG33_01 -> PERGAMI2 -> RAMALLO1 -> RAMALLOB -> V. LIA -> RODRIGU1
3600-1,3600,SVICDI01,diesel,28.0,28.0,1,bfs,3110,EZEIZA_220kV_1,7,SVICDI01 -> BURZAC33 -> BURZACO -> BURZACT2 -> PI.MONT1 -> A.BROWN1 -> A.BROWN2 -> EZEIZA 2
3601-1,3601,COSTTV01,steam,40.0,123.0,1,sin_conexion,,,-1,
3602-2,3602,COSTTV02,steam,60.0,116.0,1,sin_conexion,,,-1,
3603-3,3603,COSTTV03,steam,112.0,112.0,0,sin_conexion,,,-1,
3605-5,3605,BSASTV01,ccgt,95.0,105.0,1,bfs,3100,ABASTO_220kV,5,BSASTV01 -> COST.AZU -> COSTANER2 -> HUDSON -> BOSQUES -> ABASTO
3607-7,3607,COSTTV07,steam,140.0,310.0,0,bfs,3100,ABASTO_220kV,4,COSTTV07 -> COSTANER2 -> HUDSON -> BOSQUES -> ABASTO
3608-8,3608,BSASTG01,ccgt,210.0,218.0,1,bfs,3100,ABASTO_220kV,4,BSASTG01 -> COSTANER2 -> HUDSON -> BOSQUES -> ABASTO
3609-1,3609,COSTTG08,ccgt,231.0,262.0,1,sin_conexion,,,-1,
3610-2,3610,COSTTG09,ccgt,240.0,262.0,1,sin_conexion,,,-1,
3611-1,3611,COSTTV10,ccgt,150.0,327.0,1,bfs,3122,RODRGUEZ_220kV_2,8,COSTTV10 -> COSTANER1 -> MALAVER2 -> MALAVER2 -> ROTOND2 -> HURLING2 -> MORON -> MORON 1 -> RODRIGU2
3612-1,3612,COSMDI11,steam,30.0,35.864,0,sin_conexion,,,-1,
3613-1,3613,PALOFV01,solar,8.8,11.0,1,bfs,3122,RODRGUEZ_220kV_2,5,PALOFV01 -> PALO33_01 -> SEVEL -> MORON -> MORON 1 -> RODRIGU2
3617-1,3617,EBARTG01,ocgt,250.0,292.0,1,bfs,3100,ABASTO_220kV,5,EBARTG01 -> ENS.BARRAG_1 -> P1 BAR-HUD -> HUDSON -> BOSQUES -> ABASTO
3618-2,3618,EBARTG02,ocgt,250.0,292.0,1,bfs,3100,ABASTO_220kV,5,EBARTG02 -> ENS.BARRAG_1 -> P1 BAR-HUD -> HUDSON -> BOSQUES -> ABASTO
3619-1,3619,EBARTV01,steam,250.0,304.0,1,bfs,3100,ABASTO_220kV,5,EBARTV01 -> ENS.BARRAG_1 -> P1 BAR-HUD -> HUDSON -> BOSQUES -> ABASTO
3620-1,3620,ENSETG01,ocgt,100.0,131.75,1,bfs,3100,ABASTO_220kV,7,ENSETG01 -> ENSENADA -> YPF-ENSE -> LA PLATA E -> LA PLATA S -> LA PLATA1 -> LA PLATA -> ABASTO
3621-1,3621,DIQUTG13,ocgt,17.0,17.0,1,bfs,3100,ABASTO_220kV,7,DIQUTG13 -> DIQUE2 -> ENS.BARRAG1 -> ENS.BARRAG_1 -> P1 BAR-HUD -> HUDSON -> BOSQUES -> ABASTO
3621-3,3621,DIQUTG13,ocgt,17.0,17.0,1,bfs,3100,ABASTO_220kV,7,DIQUTG13 -> DIQUE2 -> ENS.BARRAG1 -> ENS.BARRAG_1 -> P1 BAR-HUD -> HUDSON -> BOSQUES -> ABASTO
3622-2,3622,DIQUTG24,ocgt,17.0,17.0,1,bfs,3100,ABASTO_220kV,7,DIQUTG24 -> DIQUE2 -> ENS.BARRAG1 -> ENS.BARRAG_1 -> P1 BAR-HUD -> HUDSON -> BOSQUES -> ABASTO
3622-4,3622,DIQUTG24,ocgt,17.0,17.0,1,bfs,3100,ABASTO_220kV,7,DIQUTG24 -> DIQUE2 -> ENS.BARRAG1 -> ENS.BARRAG_1 -> P1 BAR-HUD -> HUDSON -> BOSQUES -> ABASTO
3625-5,3625,DIQUTG56,ocgt,18.0,18.0,0,bfs,3100,ABASTO_220kV,7,DIQUTG56 -> DIQUE2 -> ENS.BARRAG1 -> ENS.BARRAG_1 -> P1 BAR-HUD -> HUDSON -> BOSQUES -> ABASTO
3625-6,3625,DIQUTG56,ocgt,18.0,18.0,0,bfs,3100,ABASTO_220kV,7,DIQUTG56 -> DIQUE2 -> ENS.BARRAG1 -> ENS.BARRAG_1 -> P1 BAR-HUD -> HUDSON -> BOSQUES -> ABASTO
3627-7,3627,DIQUTG07,ocgt,25.0,25.0,0,bfs,3100,ABASTO_220kV,7,DIQUTG07 -> DIQUE2 -> ENS.BARRAG1 -> ENS.BARRAG_1 -> P1 BAR-HUD -> HUDSON -> BOSQUES -> ABASTO
3631-1,3631,S3GCDI01,diesel,5.0,5.6,1,bfs,3120,RODRGUEZ_220kV_1,10,S3GCDI01 -> SM3D -> SM3D.RECT -> SUAREZ -> SUAREZ -> V.ADEL.1 -> EDISO.RO -> EDISON -> MALAVER1 -> MORON 2 -> RODRIGU1
3637-7,3637,DSUDTG07,ocgt,33.0,33.6,1,sin_conexion,,,-1,
3638-8,3638,DSUDTG08,ocgt,30.0,33.6,1,sin_conexion,,,-1,
3640-1,3640,SHELTG01,ocgt,25.0,27.0,1,sin_conexion,,,-1,
3641-1,3641,GEBATG01,ccgt,210.0,218.7,1,directo,3641,EZE.GENETG01_15.8kV,0,
3642-2,3642,GEBATG02,ccgt,210.0,218.7,1,directo,3642,EZE GENETG02_15.8kV,0,
3643-3,3643,GEBATV01,ccgt,220.0,236.0,1,directo,3643,EZE GENETV03_15.8kV_1,0,
3644-1,3644,DSUDTV11,ccgt,210.0,288.4,1,sin_conexion,,,-1,
3645-1,3645,DSUDTG10,ccgt,220.0,255.2,1,sin_conexion,,,-1,
3646-2,3646,DSUDTG09,ccgt,200.0,255.2,1,sin_conexion,,,-1,
3647-4,3647,GEBATG03,ocgt,165.0,180.0,1,directo,3647,EZE GENETV03_15.8kV_2,0,
3648-1,3648,ABRODI01,diesel,24.0,27.65,1,bfs,3110,EZEIZA_220kV_1,4,ABRODI01 -> A.BROWN -> A.BROWN1 -> A.BROWN2 -> EZEIZA 2
3648-2,3648,ABRODI01,diesel,4.8,4.8,1,bfs,3110,EZEIZA_220kV_1,4,ABRODI01 -> A.BROWN -> A.BROWN1 -> A.BROWN2 -> EZEIZA 2
3648-3,3648,ABRODI01,diesel,2.2,2.4,1,bfs,3110,EZEIZA_220kV_1,4,ABRODI01 -> A.BROWN -> A.BROWN1 -> A.BROWN2 -> EZEIZA 2
3650-1,3650,EZEITG01,ocgt,43.0,46.0,1,bfs,3110,EZEIZA_220kV_1,3,EZEITG01 -> R.TORRES -> EZE1132 -> EZEIZA 2
3658-1,3658,GEBATV02,steam,180.0,193.8,1,bfs,3110,EZEIZA_220kV_1,3,GEBATV02 -> GEBATV132 -> EZE2132 -> EZEIZA 2
3660-1,3660,SMIGDI01,biogas,5.9,5.9,1,bfs,3122,RODRGUEZ_220kV_2,10,SMIGDI01 -> CTSMIGA -> SMIGUEL1 -> ROTOND1 -> ROTOND1 -> MALAVER2 -> ROTOND2 -> HURLING2 -> MORON -> MORON 1 -> RODRIGU2
3664-4,3664,NPUETV04,steam,33.0,60.0,0,sin_conexion,,,-1,
3665-5,3665,NPUETV05,steam,78.0,110.0,1,sin_conexion,,,-1,
3666-6,3666,NPUETV06,steam,220.0,250.0,1,sin_conexion,,,-1,
3667-1,3667,CEPUTG11,ccgt,230.0,258.0,1,sin_conexion,,,-1,
3668-2,3668,CEPUTG12,ccgt,240.0,258.0,1,bfs,3122,RODRGUEZ_220kV_2,9,CEPUTG12 -> CPUERTO2 -> P.N.ROJO -> AUSTRIA -> AGRON.RO -> CIUDADEL -> RMEJ.MAR -> MORON -> MORON 1 -> RODRIGU2
3669-1,3669,CEPUTV10,ccgt,260.0,282.0,1,sin_conexion,,,-1,
3670-1,3670,MAGDDI01,diesel,12.0,38.88,1,bfs,3100,ABASTO_220kV,7,MAGDDI01 -> MAGDALEN -> MAGDALEN -> T.MAGDALENA -> BAVIO -> LA PLATA2 -> LA PLATA -> ABASTO
3673-1,3673,SMIGDI01,biogas,5.5,5.9,1,bfs,3122,RODRGUEZ_220kV_2,8,SMIGDI01 -> CTSMIGB -> SMIGUEL2 -> ROTOND2 -> ROTOND2 -> HURLING2 -> MORON -> MORON 1 -> RODRIGU2
3674-4,3674,EZEITG04,ocgt,43.0,52.0,1,bfs,3110,EZEIZA_220kV_1,3,EZEITG04 -> R.TORRES -> EZE1132 -> EZEIZA 2
3675-5,3675,EZEITV05,ocgt,40.0,40.0,1,bfs,3110,EZEIZA_220kV_1,3,EZEITV05 -> R.TORRES -> EZE1132 -> EZEIZA 2
3676-6,3676,EZEITV06,ocgt,40.0,40.0,1,bfs,3110,EZEIZA_220kV_1,3,EZEITV06 -> R.TORRES -> EZE1132 -> EZEIZA 2
3677-7,3677,PNUETV07,steam,126.0,145.0,1,bfs,3100,ABASTO_220kV,8,PNUETV07 -> P.N.CELE -> EMP.PNUEVO -> AZOPA.CE -> AZOPARDO -> COSTANER2 -> HUDSON -> BOSQUES -> ABASTO
3678-8,3678,PNUETV08,steam,180.0,194.0,1,sin_conexion,,,-1,
3679-9,3679,PNUETV09,steam,210.0,250.0,1,sin_conexion,,,-1,
3680-2,3680,EZEITG02,ocgt,38.0,51.43,1,bfs,3110,EZEIZA_220kV_1,3,EZEITG02 -> R.TORRES -> EZE1132 -> EZEIZA 2
3681-1,3681,PILBDI13,diesel,16.8,16.8,1,bfs,3122,RODRGUEZ_220kV_2,9,PILBDI13 -> CTPILAR -> PILAR.BA -> PI.PILAR.BA -> P.I. N4 -> MANZONE -> P.I. N3 -> P.I. N2 -> RODRIG02 -> RODRIGU2
3681-2,3681,PILBDI13,diesel,16.8,16.8,1,bfs,3122,RODRGUEZ_220kV_2,9,PILBDI13 -> CTPILAR -> PILAR.BA -> PI.PILAR.BA -> P.I. N4 -> MANZONE -> P.I. N3 -> P.I. N2 -> RODRIG02 -> RODRIGU2
3681-3,3681,PILBDI13,diesel,16.8,16.8,1,bfs,3122,RODRGUEZ_220kV_2,9,PILBDI13 -> CTPILAR -> PILAR.BA -> PI.PILAR.BA -> P.I. N4 -> MANZONE -> P.I. N3 -> P.I. N2 -> RODRIG02 -> RODRIGU2
3682-3,3682,EZEITG03,ocgt,43.0,51.43,1,bfs,3110,EZEIZA_220kV_1,3,EZEITG03 -> R.TORRES -> EZE1132 -> EZEIZA 2
3687-4,3687,PILBDI46,diesel,16.3,16.8,1,bfs,3122,RODRGUEZ_220kV_2,9,PILBDI46 -> CTPILAR -> PILAR.BA -> PI.PILAR.BA -> P.I. N4 -> MANZONE -> P.I. N3 -> P.I. N2 -> RODRIG02 -> RODRIGU2
3687-5,3687,PILBDI46,diesel,16.3,16.8,1,bfs,3122,RODRGUEZ_220kV_2,9,PILBDI46 -> CTPILAR -> PILAR.BA -> PI.PILAR.BA -> P.I. N4 -> MANZONE -> P.I. N3 -> P.I. N2 -> RODRIG02 -> RODRIGU2
3687-6,3687,PILBDI46,diesel,16.3,16.8,1,bfs,3122,RODRGUEZ_220kV_2,9,PILBDI46 -> CTPILAR -> PILAR.BA -> PI.PILAR.BA -> P.I. N4 -> MANZONE -> P.I. N3 -> P.I. N2 -> RODRIG02 -> RODRIGU2
3688-1,3688,LPLCTG01,ocgt,84.9,87.0,1,bfs,3100,ABASTO_220kV,8,LPLCTG01 -> CTPLA33_01 -> YPFE33_01 -> YPF-ENSE -> LA PLATA E -> LA PLATA S -> LA PLATA1 -> LA PLATA -> ABASTO
3689-1,3689,GCRSDI01,biogas,5.0,5.94,1,bfs,3110,EZEIZA_220kV_1,6,GCRSDI01 -> G.CATAN 1 -> G.CATAN1 -> PI-PINO -> PI-CANUE -> EZE1132 -> EZEIZA 2
3690-1,3690,GEBATG04,ocgt,180.0,187.0,1,directo,3690,EZE GENETV03_15.8kV,0,
3696-1,3696,LPLADI01,diesel,10.0,11.625,0,bfs,3100,ABASTO_220kV,6,LPLADI01 -> CTLAPLATA1 -> LAPLATA -> LAPLATA_TR1 -> LA PLATA1 -> LA PLATA -> ABASTO
3697-2,3697,LPLADI02,diesel,10.0,10.85,0,bfs,3100,ABASTO_220kV,6,LPLADI02 -> CTLAPLATA2 -> LAPLATA -> LAPLATA_TR1 -> LA PLATA1 -> LA PLATA -> ABASTO
3698-3,3698,LPLADI03,diesel,10.0,11.625,0,bfs,3100,ABASTO_220kV,6,LPLADI03 -> CTLAPLATA3 -> LAPLATA -> LAPLATA_TR1 -> LA PLATA1 -> LA PLATA -> ABASTO
3699-4,3699,LPLADI04,diesel,10.0,10.5,0,bfs,3100,ABASTO_220kV,6,LPLADI04 -> CTLAPLATA4 -> LAPLATA -> LAPLATA_TR1 -> LA PLATA1 -> LA PLATA -> ABASTO
3940-1,3940,ENRSDI01,biogas,7.0,7.075,1,bfs,3100,ABASTO_220kV,8,ENRSDI01 -> DIQUE2 -> DIQUE2 -> ENS.BARRAG1 -> ENS.BARRAG_1 -> P1 BAR-HUD -> HUDSON -> BOSQUES -> ABASTO
4600-1,4600,CALCTV11,steam,30.0,30.0,0,bfs,4312,S.TOME_132kV_1,4,CALCTV11 -> CALCHINE -> PTO.STAFE -> PZACALCH -> S.TOME 1
4601-1,4601,SGDEHI01,hydro,125.0,135.0,1,directo,4601,SGAC1500_13.8kV_1,0,
4602-2,4602,SGDEHI02,hydro,125.0,135.0,1,directo,4602,SGAC1500_13.8kV_2,0,
4603-3,4603,SGDEHI03,hydro,125.0,135.0,1,directo,4603,SGAC2500_13.8kV_1,0,
4604-4,4604,SGDEHI04,hydro,125.0,135.0,1,directo,4604,SGAC2500_13.8kV_2,0,
4605-5,4605,SGDEHI05,hydro,125.0,135.0,1,directo,4605,SGAC3500_13.8kV_1,0,
4606-6,4606,SGDEHI06,hydro,125.0,135.0,1,directo,4606,SGAC3500_13.8kV_2,0,
4607-1,4607,MOLITV01,steam,19.0,27.0,1,bfs,4390,R.COROND_132kV,4,MOLITV01 -> SULFACID -> SULFACID -> SLORENZO -> R.COROND
4608-1,4608,OCAMDI12,diesel,9.3,10.17,1,bfs,4274,ROMANG_132kV,4,OCAMDI12 -> VOCAMP_SUR -> AVELLANEDA -> RECONQUI -> ROMANG
4608-2,4608,OCAMDI12,diesel,9.3,10.17,1,bfs,4274,ROMANG_132kV,4,OCAMDI12 -> VOCAMP_SUR -> AVELLANEDA -> RECONQUI -> ROMANG
4609-1,4609,CLERDI01,diesel,14.0,15.6,0,bfs,4222,C.ELIA_132kV,5,CLERDI01 -> COLON.ER -> COLON.ER -> C.URUGUA1 -> PI.BAS.ELI -> C.ELIA
4610-1,4610,SSALDI01,diesel,11.0,12.6,1,bfs,4247,GRAN.PNA_132kV,5,SSALDI01 -> SSALV33 -> SSALV-ER -> VILLAGUA -> ELPINGO -> GRAN.PNA
4611-1,4611,LPAZDI01,diesel,10.0,12.6,1,bfs,4295,SGDE.ARG_132kV_2,4,LPAZDI01 -> LPAZ33_01 -> LAPAZ -> FEDERAL -> SGDE.ARG2
4612-3,4612,OCAMDI35,diesel,9.3,10.17,1,bfs,4274,ROMANG_132kV,4,OCAMDI35 -> VOCAMP_SUR -> AVELLANEDA -> RECONQUI -> ROMANG
4612-4,4612,OCAMDI35,diesel,9.3,10.17,1,bfs,4274,ROMANG_132kV,4,OCAMDI35 -> VOCAMP_SUR -> AVELLANEDA -> RECONQUI -> ROMANG
4612-5,4612,OCAMDI35,diesel,9.3,10.17,1,bfs,4274,ROMANG_132kV,4,OCAMDI35 -> VOCAMP_SUR -> AVELLANEDA -> RECONQUI -> ROMANG
4613-7,4613,SGDEHI13,hydro,125.0,135.0,1,directo,4613,SGAC4500_13.8kV_1,0,
4614-1,4614,CGOMDI12,diesel,16.0,16.3,1,bfs,4313,S.TOME_132kV_2,7,CGOMDI12 -> CGOMEZ_NOR -> PAREJAS -> L.ROSAS -> S.JORGE -> MA.JUANA -> S.CARLOS -> S.TOME 2
4614-2,4614,CGOMDI12,diesel,16.0,16.3,1,bfs,4313,S.TOME_132kV_2,7,CGOMDI12 -> CGOMEZ_NOR -> PAREJAS -> L.ROSAS -> S.JORGE -> MA.JUANA -> S.CARLOS -> S.TOME 2
4616-3,4616,CGOMDI34,diesel,16.0,16.3,1,bfs,4313,S.TOME_132kV_2,7,CGOMDI34 -> CGOMEZ_NOR -> PAREJAS -> L.ROSAS -> S.JORGE -> MA.JUANA -> S.CARLOS -> S.TOME 2
4616-4,4616,CGOMDI34,diesel,16.0,16.3,1,bfs,4313,S.TOME_132kV_2,7,CGOMDI34 -> CGOMEZ_NOR -> PAREJAS -> L.ROSAS -> S.JORGE -> MA.JUANA -> S.CARLOS -> S.TOME 2
4617-1,4617,PERZDI14,diesel,9.4,10.17,1,bfs,2245,HENDERS2_132kV,10,PERZDI14 -> PEREZ -> CASILDA2 -> CHABAS -> FIRMAT -> V.TUERTO -> RUFINO -> CHARLONE -> G.VILLEG -> PEHUAJO -> HENDERS2
4617-2,4617,PERZDI14,diesel,9.4,10.17,1,bfs,2245,HENDERS2_132kV,10,PERZDI14 -> PEREZ -> CASILDA2 -> CHABAS -> FIRMAT -> V.TUERTO -> RUFINO -> CHARLONE -> G.VILLEG -> PEHUAJO -> HENDERS2
4617-3,4617,PERZDI14,diesel,9.4,10.17,1,bfs,2245,HENDERS2_132kV,10,PERZDI14 -> PEREZ -> CASILDA2 -> CHABAS -> FIRMAT -> V.TUERTO -> RUFINO -> CHARLONE -> G.VILLEG -> PEHUAJO -> HENDERS2
4617-4,4617,PERZDI14,diesel,9.4,10.17,1,bfs,2245,HENDERS2_132kV,10,PERZDI14 -> PEREZ -> CASILDA2 -> CHABAS -> FIRMAT -> V.TUERTO -> RUFINO -> CHARLONE -> G.VILLEG -> PEHUAJO -> HENDERS2
4618-5,4618,PERZDI58,diesel,9.4,10.17,1,bfs,2245,HENDERS2_132kV,10,PERZDI58 -> PEREZ -> CASILDA2 -> CHABAS -> FIRMAT -> V.TUERTO -> RUFINO -> CHARLONE -> G.VILLEG -> PEHUAJO -> HENDERS2
4618-6,4618,PERZDI58,diesel,9.4,10.17,1,bfs,2245,HENDERS2_132kV,10,PERZDI58 -> PEREZ -> CASILDA2 -> CHABAS -> FIRMAT -> V.TUERTO -> RUFINO -> CHARLONE -> G.VILLEG -> PEHUAJO -> HENDERS2
4618-7,4618,PERZDI58,diesel,9.4,10.17,1,bfs,2245,HENDERS2_132kV,10,PERZDI58 -> PEREZ -> CASILDA2 -> CHABAS -> FIRMAT -> V.TUERTO -> RUFINO -> CHARLONE -> G.VILLEG -> PEHUAJO -> HENDERS2
4618-8,4618,PERZDI58,diesel,9.4,10.17,1,bfs,2245,HENDERS2_132kV,10,PERZDI58 -> PEREZ -> CASILDA2 -> CHABAS -> FIRMAT -> V.TUERTO -> RUFINO -> CHARLONE -> G.VILLEG -> PEHUAJO -> HENDERS2
4619-1,4619,RENOTG01,ccgt,150.0,170.066,1,bfs,4390,R.COROND_132kV,2,RENOTG01 -> GEN.RENOVA -> R.COROND
4620-1,4620,PARATG21,ocgt,17.0,17.0,0,bfs,4247,GRAN.PNA_132kV,3,PARATG21 -> PARANA.N -> ELPINGO -> GRAN.PNA
4621-1,4621,VIALDI01,diesel,10.0,10.2,0,bfs,4247,GRAN.PNA_132kV,7,VIALDI01 -> VIALE -> VIALE -> SEGUI -> CRES.SEC -> CRESPO.1 -> SBENITO3 -> GRAN.PNA
4624-1,4624,TER6TG11,ocgt,274.0,294.0,1,directo,4624,TERMINAL_500_20kV,0,
4625-1,4625,TER6TV21,steam,80.0,94.0,1,bfs,4390,R.COROND_132kV,4,TER6TV21 -> CT TER6 -> TERM. 6 -> P.S.MART -> R.COROND
4626-1,4626,VTUEDI01,diesel,22.4,22.4,1,bfs,2245,HENDERS2_132kV,7,VTUEDI01 -> VTU.TER1 -> V.TUERTO -> RUFINO -> CHARLONE -> G.VILLEG -> PEHUAJO -> HENDERS2
4627-1,4627,RUFIDI01,diesel,33.6,33.6,1,bfs,2245,HENDERS2_132kV,6,RUFIDI01 -> RUFINO13 -> RUFINO -> CHARLONE -> G.VILLEG -> PEHUAJO -> HENDERS2
4629-1,4629,AVELDI01,biogas,7.4,7.5,1,bfs,4274,ROMANG_132kV,4,AVELDI01 -> AVELL33_01 -> AVELLANEDA -> RECONQUI -> ROMANG
4631-1,4631,CEREDI01,diesel,13.0,18.0,1,bfs,4313,S.TOME_132kV_2,8,CEREDI01 -> CERES -> CERES -> ARRUFO -> SUNCHALE -> RAFA.OES -> RAFA.SUR -> ESPERANZ -> S.TOME 2
4632-1,4632,CALCFV01,solar,8.0,10.0,1,bfs,4274,ROMANG_132kV,5,CALCFV01 -> CALC33_03 -> CALC33_02 -> CALCH-SF -> VERA -> ROMANG
4633-1,4633,CELIFV01,solar,82.4,103.0,0,bfs,4222,C.ELIA_132kV,4,CELIFV01 -> CELIFV01_331 -> CELIFV01_332 -> CELIFV_132 -> C.ELIA
4634-2,4634,CELIFV02,solar,82.04,102.55,0,bfs,4222,C.ELIA_132kV,4,CELIFV02 -> CELIFV02_331 -> CELIFV02_332 -> CELIFV_132 -> C.ELIA
4635-3,4635,CELIFV03,solar,74.816,93.52,0,bfs,4222,C.ELIA_132kV,4,CELIFV03 -> CELIFV03_331 -> CELIFV03_332 -> CELIFV_132 -> C.ELIA
4637-1,4637,ASECTG01,ocgt,43.2,54.0,1,sin_conexion,,,-1,
4638-1,4638,ASECTG02,ocgt,43.2,54.0,1,sin_conexion,,,-1,
4639-1,4639,ASECTV,steam,14.4,18.0,1,sin_conexion,,,-1,
4640-1,4640,SFOETG12,ocgt,19.5,19.5,0,bfs,4312,S.TOME_132kV_1,2,SFOETG12 -> S.FE OES -> S.TOME 1
4640-2,4640,SFOETG12,ocgt,19.5,19.5,0,bfs,4312,S.TOME_132kV_1,2,SFOETG12 -> S.FE OES -> S.TOME 1
4650-1,4650,SORRTV13,steam,130.0,155.0,0,bfs,4284,R.OESTE_132kV_2,4,SORRTV13 -> SORRENTO -> PZASORR3 -> P.UNIDAS -> ROS.OES3
4656-12,4656,PARATG12,ocgt,18.0,19.2,0,bfs,4247,GRAN.PNA_132kV,5,PARATG12 -> PARANA.E -> PARANA.S -> PARANA.O -> SBENITO2 -> GRAN.PNA
4656-13,4656,PARATG12,ocgt,18.0,19.2,0,bfs,4247,GRAN.PNA_132kV,5,PARATG12 -> PARANA.E -> PARANA.S -> PARANA.O -> SBENITO2 -> GRAN.PNA
4680-1,4680,RAFADI01,diesel,19.0,19.2,1,bfs,4313,S.TOME_132kV_2,5,RAFADI01 -> RAO.TER -> RAFA.OES -> RAFA.SUR -> ESPERANZ -> S.TOME 2
4691-1,4691,VOBLTG01,ccgt,240.0,260.0,1,directo,4691,R.COROND_15.8kV_1,0,
4692-2,4692,VOBLTG02,ccgt,220.0,260.0,0,directo,4692,R.COROND_15.8kV_2,0,
4693-3,4693,VOBLTV01,ccgt,150.0,319.303,1,directo,4693,R.COROND_15.8kV_3,0,
4695-1,4695,TIMBTG01,ccgt,240.0,260.0,0,directo,4695,R.COROND_20kV_1,0,
4696-2,4696,TIMBTG02,ccgt,237.0,260.0,1,directo,4696,R.COROND_20kV_2,0,
4697-3,4697,TIMBTV01,ccgt,160.0,319.303,1,directo,4697,R.COROND_20kV_3,0,
4698-1,4698,BLOPTG01,ccgt,220.0,285.6,1,bfs,4313,S.TOME_132kV_2,4,BLOPTG01 -> BLOPEZ -> PI 2 BLO -> PI4 STO -> S.TOME 2
4699-1,4699,BLOPTV01,ccgt,130.0,140.0,1,bfs,4312,S.TOME_132kV_1,4,BLOPTV01 -> BLOPEZ_2 -> BLO-PAY_1 -> PAYZUME -> S.TOME 1
5588-1,5588,GARRTV01,biomass,36.0,40.0,1,bfs,5250,RINCON_132kV,4,GARRTV01 -> SAN ALONSO -> PIQ.207 -> ITUZAING -> RINCON
5600-1,5600,CAZUTV01,biomass,2.5,3.3,1,bfs,5322,S.ISIDRO_132kV_2,5,CAZUTV01 -> OBERA -> OBERA -> T.OBERA -> ROCA_B1 -> S.ISIDRO.B
5601-1,5601,SCHADI01,diesel,6.0,6.0,1,bfs,5237,CHACO_132kV,6,SCHADI01 -> PRESROCA -> PRESROCA -> SMART1CH -> P.PLAZA -> R.S.PENA -> CHACO
5602-1,5602,SMARDI01,diesel,18.0,18.5,1,bfs,5237,CHACO_132kV,5,SMARDI01 -> SMAR13_01 -> SMART1CH -> P.PLAZA -> R.S.PENA -> CHACO
5603-1,5603,ESCOTV01,biomass,12.5,14.0,1,bfs,5234,RESISTEN_132kV_2,4,ESCOTV01 -> ESCON33_02 -> ESCON33_01 -> LA ESCONDIDA -> RESISTE2
5604-1,5604,BSROTV01,biomass,15.0,15.0,1,bfs,5242,P.PATRIA_132kV,7,BSROTV01 -> PISROS33 -> STA.ROSA -> SALADAS -> C.BRUGNE -> C.BRUGNE -> S.CATALI -> P.PATRIA
5605-1,5605,ALONTV01,biomass,37.0,37.0,1,bfs,5250,RINCON_132kV,4,ALONTV01 -> SAN ALONSO -> PIQ.207 -> ITUZAING -> RINCON
5606-1,5606,PMISTV01,biomass,15.0,16.64,1,bfs,5322,S.ISIDRO_132kV_2,5,PMISTV01 -> PAPEL MIS -> PMINERAL -> PMINERAL_B2 -> ROCA_B1 -> S.ISIDRO.B
5607-1,5607,SPENFV01,solar,9.0,10.0,1,bfs,5237,CHACO_132kV,4,SPENFV01 -> R.S.PENA -> RSPENA12 -> R.S.PENA -> CHACO
5608-1,5608,OBEMDI01,diesel,16.0,16.8,1,bfs,5322,S.ISIDRO_132kV_2,5,OBEMDI01 -> OBERA -> OBERA -> T.OBERA -> ROCA_B1 -> S.ISIDRO.B
5609-1,5609,PINFFV01,solar,104.0,130.0,1,bfs,5237,CHACO_132kV,5,PINFFV01 -> PS.P.INF -> PS.P.INF -> P.INFIER -> PI.P.INF -> CHACO
5610-1,5610,VANGFV01,solar,32.0,40.0,1,bfs,5237,CHACO_132kV,4,VANGFV01 -> VANGFV33 -> VANGFV132 -> S.BERNARDO -> CHACO
5611-1,5611,BARDDI01,diesel,18.0,23.8,1,bfs,5232,RESISTEN_132kV_1,3,BARDDI01 -> BARRAN13_1 -> BARRANQ. -> RESISTE1
5612-2,5612,VAN2FV,solar,7.2,9.0,1,bfs,5237,CHACO_132kV,4,VAN2FV -> VANGFV33 -> VANGFV132 -> S.BERNARDO -> CHACO
5613-3,5613,VAN3FV,solar,8.0,10.0,1,bfs,5237,CHACO_132kV,4,VAN3FV -> VANGFV33 -> VANGFV132 -> S.BERNARDO -> CHACO
5614-4,5614,VAN4FV,solar,8.8,11.0,1,bfs,5237,CHACO_132kV,4,VAN4FV -> VANGFV33 -> VANGFV132 -> S.BERNARDO -> CHACO
5615-5,5615,VAN5FV,solar,24.0,30.0,1,bfs,5237,CHACO_132kV,4,VAN5FV -> VANGFV33 -> VANGFV132 -> S.BERNARDO -> CHACO
5616-1,5616,CHA1FV01,solar,5.94,8.7,1,bfs,5237,CHACO_132kV,9,CHA1FV01 -> CTEQ08 -> CTEQ33 -> CHA1FV33 -> CHARATA -> CHARATA -> TBRENAS -> C.LARGO -> PI.P.INF -> CHACO
5617-1,5617,CHA2FV01,solar,6.44,7.55,1,bfs,5237,CHACO_132kV,9,CHA2FV01 -> CTEQ08 -> CTEQ33_2 -> CHA23FV33 -> CHARATA -> CHARATA -> TBRENAS -> C.LARGO -> PI.P.INF -> CHACO
5618-1,5618,CHA3FV01,solar,10.0,11.7,1,bfs,5237,CHACO_132kV,9,CHA3FV01 -> CTEQ08 -> CTEQ33_3 -> CHA23FV33 -> CHARATA -> CHARATA -> TBRENAS -> C.LARGO -> PI.P.INF -> CHACO
5619-1,5619,JUARFV01,solar,12.0,15.0,1,bfs,5221,GRANFORMOSA_132kV_1,7,JUARFV01 -> JUARFV33 -> JUAREZ -> JUAREZ -> LOMITAS -> IBARRETA -> PIRANE -> GR.FORMOSA A
5620-1,5620,CLORTG,ocgt,2.7,2.7,0,bfs,5221,GRANFORMOSA_132kV_1,2,CLORTG -> CLORINDA -> GR.FORMOSA A
5620-2,5620,CLORTG,ocgt,4.8,4.8,0,bfs,5221,GRANFORMOSA_132kV_1,2,CLORTG -> CLORINDA -> GR.FORMOSA A
5621-1,5621,VALPFV01,solar,15.0,25.0,1,bfs,5237,CHACO_132kV,6,VALPFV01 -> PSVANG33 -> V.ANGELA -> V.ANGELA -> V.ANGE.NORT -> S.BERNARDO -> CHACO
5629-1,5629,CORRDI01,diesel,5.0,26.88,1,bfs,5242,P.PATRIA_132kV,4,CORRDI01 -> CORRDI -> CE.SEC_1 -> COR.ESTE -> P.PATRIA
5631-1,5631,SPENDI01,diesel,20.0,20.4,1,bfs,5237,CHACO_132kV,4,SPENDI01 -> R.S.PENA -> RSPENA12 -> R.S.PENA -> CHACO
5632-1,5632,SPE2DI01,diesel,14.0,15.0,1,bfs,5237,CHACO_132kV,4,SPE2DI01 -> R.S.PENA -> RSPENA12 -> R.S.PENA -> CHACO
5633-1,5633,JUARDI01,diesel,4.2,4.2,1,bfs,5221,GRANFORMOSA_132kV_1,6,JUARDI01 -> JUAREZ -> JUAREZ -> LOMITAS -> IBARRETA -> PIRANE -> GR.FORMOSA A
5634-1,5634,LBLADI01,diesel,7.0,7.0,1,bfs,5221,GRANFORMOSA_132kV_1,4,LBLADI01 -> LAGBLANCA -> LAGBLANCA -> CLORINDA -> GR.FORMOSA A
5635-1,5635,VANGDI01,diesel,11.0,15.0,1,bfs,5237,CHACO_132kV,5,VANGDI01 -> VANG.TER -> V.ANGELA -> V.ANGE.NORT -> S.BERNARDO -> CHACO
5636-1,5636,LPALDI01,diesel,6.0,6.4,1,bfs,5234,RESISTEN_132kV_2,3,LPALDI01 -> LPALMAS -> LEONESA -> RESISTE2
5638-1,5638,ITATDI01,diesel,4.2,4.2,0,bfs,5242,P.PATRIA_132kV,4,ITATDI01 -> PIRAYU -> PIRAYU -> PIQ.P.PATRIA -> P.PATRIA
5641-1,5641,FORDDI01,diesel,19.0,19.32,0,bfs,5330,GRANFORMOSA_132kV_2,3,FORDDI01 -> FORMOSA -> FORMOSA I A -> GR.FORMOSA B
5642-1,5642,PIRADI01,diesel,15.0,16.25,1,bfs,5221,GRANFORMOSA_132kV_1,3,PIRADI01 -> PIR.TER1 -> PIRANE -> GR.FORMOSA A
5643-2,5643,FORDDI02,diesel,19.0,19.32,0,bfs,5330,GRANFORMOSA_132kV_2,3,FORDDI02 -> FORMOSA -> FORMOSA I A -> GR.FORMOSA B
5644-1,5644,PIRADI01,diesel,3.0,3.26,1,bfs,5221,GRANFORMOSA_132kV_1,3,PIRADI01 -> PIR.TER1 -> PIRANE -> GR.FORMOSA A
5651-1,5651,CASTDI01,diesel,15.0,15.3,1,bfs,5237,CHACO_132kV,6,CASTDI01 -> CASTELLI -> CASTELLI -> CASTELLI -> 3ISLETAS -> R.S.PENA -> CHACO
5652-1,5652,GOYDDI01,diesel,8.0,8.0,0,bfs,5290,MERCEDES_132kV,7,GOYDDI01 -> GOYA2 -> GOYA33_01 -> GOYA -> PI.GOYA -> GOYA.OES -> MERCE.CO -> MERCEDES
5653-1,5653,ESQDDI01,diesel,7.0,7.0,1,bfs,5290,MERCEDES_132kV,8,ESQDDI01 -> ESQDI -> ESQ.SEC -> ESQUINA -> STELLA MARIS -> PIQ.18.ESQ -> GOYA.OES -> MERCE.CO -> MERCEDES
5654-1,5654,ARISDI01,diesel,16.0,16.8,1,bfs,5322,S.ISIDRO_132kV_2,6,ARISDI01 -> A.VALLE -> AVAL.SEC -> A.VALLE -> PMINERAL_B2 -> ROCA_B1 -> S.ISIDRO.B
5660-1,5660,OBERTG01,ocgt,12.0,13.0,1,bfs,5322,S.ISIDRO_132kV_2,4,OBERTG01 -> OBERA -> T.OBERA -> ROCA_B1 -> S.ISIDRO.B
5662-2,5662,POSATG02,ocgt,16.0,17.0,0,bfs,5252,S.ISIDRO_132kV_1,2,POSATG02 -> POSADAS -> S.ISIDRO.A
5665-1,5665,PUPITV01,steam,8.0,9.0,1,bfs,5322,S.ISIDRO_132kV_2,5,PUPITV01 -> P.PIRAY -> ELDORADO -> PMINERAL_B1 -> ROCA_B2 -> S.ISIDRO.B
5665-2,5665,PUPITV01,steam,20.0,27.0,1,bfs,5322,S.ISIDRO_132kV_2,5,PUPITV01 -> P.PIRAY -> ELDORADO -> PMINERAL_B1 -> ROCA_B2 -> S.ISIDRO.B
5666-1,5666,SROSDI01,diesel,6.0,6.0,0,bfs,5242,P.PATRIA_132kV,6,SROSDI01 -> STA.ROSA -> SALADAS -> C.BRUGNE -> C.BRUGNE -> S.CATALI -> P.PATRIA
5667-1,5667,CHARDI01,diesel,8.0,8.6,1,bfs,5237,CHACO_132kV,6,CHARDI01 -> CHARATA -> CHARATA -> TBRENAS -> C.LARGO -> PI.P.INF -> CHACO
5668-1,5668,CHARDI02,diesel,8.0,9.6,1,bfs,5237,CHACO_132kV,6,CHARDI02 -> CHARATA -> CHARATA -> TBRENAS -> C.LARGO -> PI.P.INF -> CHACO
5669-1,5669,PPATDI01,diesel,7.4,7.4,0,bfs,5242,P.PATRIA_132kV,5,PPATDI01 -> P.PATR -> PIRAYU -> PIRAYU -> PIQ.P.PATRIA -> P.PATRIA
5671-1,5671,YACYHI01,hydro,145.0,160.0,1,directo,5671,YACYRETA_13.2kV_1,0,
5672-2,5672,YACYHI02,hydro,145.0,160.0,1,directo,5672,YACYRETA_13.2kV_2,0,
5673-3,5673,YACYHI03,hydro,145.0,160.0,1,directo,5673,YACYRETA_13.2kV_3,0,
5674-4,5674,YACYHI04,hydro,145.0,160.0,1,directo,5674,YACYRETA_13.2kV_4,0,
5675-5,5675,YACYHI05,hydro,145.0,160.0,1,directo,5675,YACYRETA_13.2kV_5,0,
5676-6,5676,YACYHI06,hydro,145.0,160.0,1,directo,5676,YACYRETA_13.2kV_6,0,
5677-7,5677,YACYHI07,hydro,145.0,160.0,1,directo,5677,YACYRETA_13.2kV_7,0,
5678-8,5678,YACYHI08,hydro,145.0,160.0,1,directo,5678,YACYRETA_13.2kV_8,0,
5679-9,5679,YACYHI09,hydro,145.0,160.0,1,directo,5679,YACYRETA_13.2kV_9,0,
5680-1,5680,YACYHI10,hydro,145.0,160.0,1,directo,5680,YACYRETA_13.2kV_10,0,
5681-1,5681,YACYHI11,hydro,145.0,160.0,1,directo,5681,YACYRETA_13.2kV_11,0,
5682-2,5682,YACYHI12,hydro,145.0,160.0,1,directo,5682,YACYRETA_13.2kV_12,0,
5683-3,5683,YACYHI13,hydro,145.0,160.0,1,directo,5683,YACYRETA_13.2kV_13,0,
5684-4,5684,YACYHI14,hydro,145.0,160.0,1,directo,5684,YACYRETA_13.2kV_14,0,
5685-5,5685,YACYHI15,hydro,145.0,160.0,1,directo,5685,YACYRETA_13.2kV_15,0,
5686-6,5686,YACYHI16,hydro,145.0,160.0,1,directo,5686,YACYRETA_13.2kV_16,0,
5687-7,5687,YACYHI17,hydro,145.0,160.0,1,directo,5687,YACYRETA_13.2kV_17,0,
5688-8,5688,YACYHI18,hydro,145.0,160.0,1,directo,5688,YACYRETA_13.2kV_18,0,
5689-9,5689,YACYHI19,hydro,145.0,160.0,0,directo,5689,YACYRETA_13.2kV_19,0,
5690-1,5690,YACYHI20,hydro,145.0,160.0,0,directo,5690,YACYRETA_13.2kV_20,0,
5691-1,5691,URUGHI01,hydro,40.0,59.5,1,bfs,5322,S.ISIDRO_132kV_2,5,URUGHI01 -> URUGUAI -> ELDORADO -> PMINERAL_B1 -> ROCA_B2 -> S.ISIDRO.B
5692-2,5692,URUGHI02,hydro,40.0,59.5,1,bfs,5322,S.ISIDRO_132kV_2,5,URUGHI02 -> URUGUAI -> ELDORADO -> PMINERAL_B1 -> ROCA_B2 -> S.ISIDRO.B
5695-1,5695,ALEMDI01,ocgt,14.0,15.0,0,bfs,5322,S.ISIDRO_132kV_2,5,ALEMDI01 -> OBERA -> OBERA -> T.OBERA -> ROCA_B1 -> S.ISIDRO.B
5972-1,5972,TIROTV01,biomass,6.5,6.6,1,bfs,5232,RESISTEN_132kV_1,3,TIROTV01 -> CD5 NEA -> CD5 NEA -> RESISTE1
6600-1,6600,EMBANUCL,nuclear,650.0,672.0,1,directo,6600,EMBALSE_22kV,0,
6601-1,6601,CASSHI01,hydro,5.0,5.5,1,bfs,6200,ALMAFUE._132kV_1,4,CASSHI01 -> CASSAFOU -> REOLIN -> REOLIN 1 -> ALMAFUE1
6602-2,6602,CASSHI02,hydro,5.0,5.5,1,bfs,6200,ALMAFUE._132kV_1,4,CASSHI02 -> CASSAFOU -> REOLIN -> REOLIN 1 -> ALMAFUE1
6603-3,6603,CASSHI03,hydro,5.0,5.5,0,bfs,6200,ALMAFUE._132kV_1,4,CASSHI03 -> CASSAFOU -> REOLIN -> REOLIN 1 -> ALMAFUE1
6604-1,6604,CSOLFV01,solar,4.16,5.2,1,bfs,6286,LUJAN.SL_132kV_2,4,CSOLFV01 -> CERRO.SOL -> SAN LUIS -> SAN LUIS -> LUJAN.SL
6605-1,6605,DFUNTG12,ocgt,15.0,16.0,1,bfs,6252,MALVINAS_132kV,4,DFUNTG12 -> OESTE -> RD.BUSTO -> NORTE -> MALVINAS
6605-2,6605,DFUNTG12,ocgt,15.0,16.0,1,bfs,6252,MALVINAS_132kV,4,DFUNTG12 -> OESTE -> RD.BUSTO -> NORTE -> MALVINAS
6606-1,6606,FSIMHI13,hydro,3.5,3.6,1,bfs,6200,ALMAFUE._132kV_1,4,FSIMHI13 -> F.SIMONS -> REOLIN -> REOLIN 1 -> ALMAFUE1
6606-2,6606,FSIMHI13,hydro,3.5,3.6,1,bfs,6200,ALMAFUE._132kV_1,4,FSIMHI13 -> F.SIMONS -> REOLIN -> REOLIN 1 -> ALMAFUE1
6606-3,6606,FSIMHI13,hydro,3.5,3.6,1,bfs,6200,ALMAFUE._132kV_1,4,FSIMHI13 -> F.SIMONS -> REOLIN -> REOLIN 1 -> ALMAFUE1
6607-1,6607,LVINHI12,hydro,7.0,7.5,1,bfs,6202,ALMAFUE._132kV_2,4,LVINHI12 -> LA VINA -> MOLINOS -> REOLIN 2 -> ALMAFUE2
6607-2,6607,LVINHI12,hydro,7.1,7.5,1,bfs,6202,ALMAFUE._132kV_2,4,LVINHI12 -> LA VINA -> MOLINOS -> REOLIN 2 -> ALMAFUE2
6608-1,6608,NOG1FV01,solar,8.0,10.0,0,bfs,6286,LUJAN.SL_132kV_2,3,NOG1FV01 -> SAN LUIS -> SAN LUIS -> LUJAN.SL
6609-1,6609,CALEFV01,solar,19.8,24.75,1,bfs,6205,LUJAN.SL_132kV_1,5,CALEFV01 -> C.OES33_01 -> C.OES33_02 -> S.L.IN33_01 -> SLUIS.PIND -> LUJAN.SL2
6610-1,6610,SLV2FV01,solar,35.0,100.0,1,bfs,6286,LUJAN.SL_132kV_2,5,SLV2FV01 -> PS LS II -> PS LS II -> PS LS II -> CANDELARIA -> LUJAN.SL
6611-1,6611,SOESTG01,ocgt,30.0,35.0,1,bfs,6202,ALMAFUE._132kV_2,4,SOESTG01 -> SUROESTE -> MOLINOS -> REOLIN 2 -> ALMAFUE2
6612-2,6612,SOESTG02,ocgt,30.0,35.0,1,bfs,6202,ALMAFUE._132kV_2,4,SOESTG02 -> SUROESTE -> MOLINOS -> REOLIN 2 -> ALMAFUE2
6613-3,6613,SOESTG03,ocgt,25.0,35.0,1,bfs,6202,ALMAFUE._132kV_2,4,SOESTG03 -> SUROESTE -> MOLINOS -> REOLIN 2 -> ALMAFUE2
6614-4,6614,SOESTG04,ocgt,35.0,35.0,0,bfs,6202,ALMAFUE._132kV_2,4,SOESTG04 -> SUROESTE -> MOLINOS -> REOLIN 2 -> ALMAFUE2
6615-4,6615,VMA2TG04,ocgt,40.0,56.0,1,bfs,6203,A.CABRAL_132kV,3,VMA2TG04 -> CTVMARIA -> V.MARIA -> A.CABRAL
6616-1,6616,VMA2TV01,steam,50.0,63.0,1,bfs,6203,A.CABRAL_132kV,3,VMA2TV01 -> CTVMARIA -> V.MARIA -> A.CABRAL
6619-1,6619,CUM3FV,solar,8.0,10.0,1,bfs,6286,LUJAN.SL_132kV_2,3,CUM3FV -> SAN LUIS -> SAN LUIS -> LUJAN.SL
6621-1,6621,LEVATG01,ocgt,20.0,23.0,1,bfs,6200,ALMAFUE._132kV_1,7,LEVATG01 -> LEVALLE -> G.LEVAL -> CTMARAN2 -> R.CUARTO -> ELENA -> REOLIN 1 -> ALMAFUE1
6622-2,6622,LEVATG02,ocgt,16.0,23.0,0,bfs,6200,ALMAFUE._132kV_1,7,LEVATG02 -> LEVALLE -> G.LEVAL -> CTMARAN2 -> R.CUARTO -> ELENA -> REOLIN 1 -> ALMAFUE1
6623-1,6623,SALVFV01,solar,8.0,10.0,1,bfs,6286,LUJAN.SL_132kV_2,6,SALVFV01 -> SROSA.SL 33 -> SROSA.SL -> TILISARAO -> LA TOMA -> SAN LUIS -> LUJAN.SL
6624-1,6624,BVILDI01,diesel,14.0,15.8,1,bfs,6203,A.CABRAL_132kV,5,BVILDI01 -> BVILDI01 -> B.VILLE -> V.MARIA1 -> V.MARIA -> A.CABRAL
6625-1,6625,SPUNFV01,solar,4.16,5.2,1,bfs,6286,LUJAN.SL_132kV_2,4,SPUNFV01 -> CERRO.SOL -> SAN LUIS -> SAN LUIS -> LUJAN.SL
6626-1,6626,LEV1EO01,wind,40.0,62.0,1,bfs,6200,ALMAFUE._132kV_1,10,LEV1EO01 -> LEVIEO_33_01 -> LEVIEO_33_02 -> LEVIEO_66 -> LEVALLE -> G.LEVAL -> CTMARAN2 -> R.CUARTO -> ELENA -> REOLIN 1 -> ALMAFUE1
6627-1,6627,SLUNEO01,wind,58.75,112.5,1,bfs,6205,LUJAN.SL_132kV_1,5,SLUNEO01 -> CTE33 -> BARRIAL -> PPC_SLUNEO -> BARRIAL -> LUJAN.SL2
6628-1,6628,SLUNFV01,solar,28.8,36.0,1,bfs,6205,LUJAN.SL_132kV_1,4,SLUNFV01 -> S LUIS FV -> BARRIAL -> BARRIAL -> LUJAN.SL2
6629-1,6629,CELEFV,solar,17.6,22.0,1,bfs,6286,LUJAN.SL_132kV_2,5,CELEFV -> CELEFV_6.6 -> CASA6.6_1 -> CEMENTERA.AV -> NOGOLI -> LUJAN.SL
6630-1,6630,SFRATG12,ocgt,12.0,16.0,1,bfs,6252,MALVINAS_132kV,3,SFRATG12 -> SAN FCO. -> ARRO-CBA -> MALVINAS
6630-2,6630,SFRATG12,ocgt,23.0,23.0,1,bfs,6252,MALVINAS_132kV,3,SFRATG12 -> SAN FCO. -> ARRO-CBA -> MALVINAS
6631-1,6631,MMARTG01,ccgt,35.0,37.0,1,bfs,6203,A.CABRAL_132kV,6,MMARTG01 -> CTMARANZ -> FERIAS -> HIGUERAS -> CABRERA -> G.DEHEZA -> A.CABRAL
6632-2,6632,MMARTG02,ccgt,30.0,37.0,1,bfs,6203,A.CABRAL_132kV,6,MMARTG02 -> CTMARANZ -> FERIAS -> HIGUERAS -> CABRERA -> G.DEHEZA -> A.CABRAL
6633-3,6633,MMARTG03,ocgt,60.0,64.9,0,bfs,6200,ALMAFUE._132kV_1,5,MMARTG03 -> CTMARAN2 -> R.CUARTO -> ELENA -> REOLIN 1 -> ALMAFUE1
6634-4,6634,MMARTG04,ocgt,60.0,64.9,0,bfs,6200,ALMAFUE._132kV_1,5,MMARTG04 -> CTMARAN2 -> R.CUARTO -> ELENA -> REOLIN 1 -> ALMAFUE1
6635-5,6635,MMARTG05,ocgt,50.0,64.9,0,bfs,6200,ALMAFUE._132kV_1,5,MMARTG05 -> CTMARAN2 -> R.CUARTO -> ELENA -> REOLIN 1 -> ALMAFUE1
6636-6,6636,MMARTG06,ocgt,40.0,51.44,1,bfs,6200,ALMAFUE._132kV_1,5,MMARTG06 -> CTMARAN2 -> R.CUARTO -> ELENA -> REOLIN 1 -> ALMAFUE1
6637-7,6637,MMARTG07,ocgt,50.0,51.44,1,bfs,6200,ALMAFUE._132kV_1,5,MMARTG07 -> CTMARAN2 -> R.CUARTO -> ELENA -> REOLIN 1 -> ALMAFUE1
6638-1,6638,SERTTG01,ocgt,58.0,58.0,0,bfs,6202,ALMAFUE._132kV_2,2,SERTTG01 -> CT 13JULIO -> ALMAFUE2
6639-1,6639,VMA2TG01,ocgt,40.0,56.0,1,bfs,6203,A.CABRAL_132kV,3,VMA2TG01 -> CTVMARIA -> V.MARIA -> A.CABRAL
6640-1,6640,LMO2HI01,hydro,4.0,4.5,0,bfs,6202,ALMAFUE._132kV_2,4,LMO2HI01 -> MOL2.TER -> MOLINOS -> REOLIN 2 -> ALMAFUE2
6641-1,6641,LMO1HI01,hydro,12.0,14.7,0,bfs,6202,ALMAFUE._132kV_2,3,LMO1HI01 -> MOLINOS -> REOLIN 2 -> ALMAFUE2
6642-2,6642,LMO1HI02,hydro,12.0,14.7,1,bfs,6202,ALMAFUE._132kV_2,3,LMO1HI02 -> MOLINOS -> REOLIN 2 -> ALMAFUE2
6643-3,6643,LMO1HI03,hydro,12.0,14.7,0,bfs,6202,ALMAFUE._132kV_2,3,LMO1HI03 -> MOLINOS -> REOLIN 2 -> ALMAFUE2
6644-4,6644,LMO1HI04,hydro,12.0,14.7,0,bfs,6202,ALMAFUE._132kV_2,3,LMO1HI04 -> MOLINOS -> REOLIN 2 -> ALMAFUE2
6645-2,6645,VMA2TG02,ocgt,40.0,56.0,1,bfs,6203,A.CABRAL_132kV,3,VMA2TG02 -> CTVMARIA -> V.MARIA -> A.CABRAL
6646-3,6646,VMA2TG03,ocgt,40.0,56.0,1,bfs,6203,A.CABRAL_132kV,3,VMA2TG03 -> CTVMARIA -> V.MARIA -> A.CABRAL
6647-1,6647,TICITV01,steam,3.0,4.64,1,bfs,6203,A.CABRAL_132kV,3,TICITV01 -> G.DEHE33_02 -> G.DEHEZA -> A.CABRAL
6648-1,6648,LEV2EO01,wind,46.5,93.0,1,bfs,2245,HENDERS2_132kV,8,LEV2EO01 -> CTEQ33 -> LEV2EO01 -> PE LEVALLEII -> LABOULAY -> CHARLONE -> G.VILLEG -> PEHUAJO -> HENDERS2
6649-8,6649,MMARTG08,ocgt,50.0,51.4,1,bfs,6200,ALMAFUE._132kV_1,5,MMARTG08 -> CTMARAN2 -> R.CUARTO -> ELENA -> REOLIN 1 -> ALMAFUE1
6650-9,6650,MMARTV09,steam,60.0,64.0,1,bfs,6200,ALMAFUE._132kV_1,5,MMARTV09 -> CTMARAN2 -> R.CUARTO -> ELENA -> REOLIN 1 -> ALMAFUE1
6651-1,6651,LEVAFV01,solar,22.4,28.0,1,bfs,2245,HENDERS2_132kV,7,LEVAFV01 -> LEV2EO01 -> PE LEVALLEII -> LABOULAY -> CHARLONE -> G.VILLEG -> PEHUAJO -> HENDERS2
6652-1,6652,PMORHI,hydro,5.0,6.3,1,bfs,6200,ALMAFUE._132kV_1,5,PMORHI -> P.MORAS33_02 -> P.MORAS33_01 -> REOLIN -> REOLIN 1 -> ALMAFUE1
6655-1,6655,PILATG11,ocgt,142.0,152.8,1,bfs,6252,MALVINAS_132kV,3,PILATG11 -> PILARII2 -> MONTECRISTO -> MALVINAS
6656-1,6656,PILATG12,ocgt,142.0,152.8,1,bfs,6200,ALMAFUE._132kV_1,3,PILATG12 -> PILARII1 -> PILAR A -> ALMAFUE1
6657-1,6657,PILATV10,steam,149.18,168.0,1,bfs,6252,MALVINAS_132kV,3,PILATV10 -> PILARII2 -> MONTECRISTO -> MALVINAS
6658-1,6658,RTERTG01,ocgt,13.0,13.8,0,bfs,6202,ALMAFUE._132kV_2,2,RTERTG01 -> CT 13JULIO -> ALMAFUE2
6659-2,6659,RTERTG02,ocgt,13.0,13.8,0,bfs,6202,ALMAFUE._132kV_2,2,RTERTG02 -> CT 13JULIO -> ALMAFUE2
6661-1,6661,REOLHI01,hydro,11.0,12.8,1,bfs,6200,ALMAFUE._132kV_1,2,REOLHI01 -> REOLIN 1 -> ALMAFUE1
6662-2,6662,REOLHI02,hydro,11.0,12.8,0,bfs,6200,ALMAFUE._132kV_1,2,REOLHI02 -> REOLIN 1 -> ALMAFUE1
6663-3,6663,REOLHI03,hydro,11.0,12.8,0,bfs,6200,ALMAFUE._132kV_1,2,REOLHI03 -> REOLIN 1 -> ALMAFUE1
6670-1,6670,ACHIEO01,wind,24.0,48.0,1,bfs,6205,LUJAN.SL_132kV_1,9,ACHIEO01 -> ACHI33_02 -> ACHI33_01 -> ACHIRAPE -> PIQ126_01 -> LIM.CBA-SLS -> V.MERCEDES -> V.MER.SU -> SLUIS.PIND -> LUJAN.SL2
6671-1,6671,RGDEHB01,hydro,170.0,189.0,0,directo,6671,R.GRANDE_16.5kV_1,0,
6672-2,6672,RGDEHB02,hydro,150.0,189.0,1,directo,6672,R.GRANDE_16.5kV_2,0,
6673-3,6673,RGDEHB03,hydro,150.0,189.0,1,directo,6673,R.GRANDE_16.5kV_3,0,
6674-4,6674,RGDEHB04,hydro,170.0,189.0,0,directo,6674,R.GRANDE_16.5kV_4,0,
6675-1,6675,CUMBFV01,solar,46.4,58.0,1,bfs,6286,LUJAN.SL_132kV_2,4,CUMBFV01 -> LA.CUM33_01 -> LA.CUMBRE -> SAN LUIS -> LUJAN.SL
6680-1,6680,PRODTV01,steam,10.0,10.0,0,bfs,6203,A.CABRAL_132kV,4,PRODTV01 -> G.DEHE33_02 -> G.DEHE33_02 -> G.DEHEZA -> A.CABRAL
6681-1,6681,SROQHI01,hydro,6.0,6.5,1,bfs,6252,MALVINAS_132kV,8,SROQHI01 -> S.ROQUE1 -> LACALERA -> VIRTBOSC -> BOSCOEPC -> BOSCOEPC -> AUTODROMO -> PIQ AUT-MAL -> MALVINAS
6682-2,6682,SROQHI02,hydro,6.0,6.5,1,bfs,6252,MALVINAS_132kV,8,SROQHI02 -> S.ROQUE1 -> LACALERA -> VIRTBOSC -> BOSCOEPC -> BOSCOEPC -> AUTODROMO -> PIQ AUT-MAL -> MALVINAS
6683-3,6683,SROQHI03,hydro,6.0,6.5,1,bfs,6252,MALVINAS_132kV,8,SROQHI03 -> S.ROQUE1 -> LACALERA -> VIRTBOSC -> BOSCOEPC -> BOSCOEPC -> AUTODROMO -> PIQ AUT-MAL -> MALVINAS
6684-4,6684,SROQHI04,hydro,6.0,6.5,1,bfs,6252,MALVINAS_132kV,8,SROQHI04 -> S.ROQUE1 -> LACALERA -> VIRTBOSC -> BOSCOEPC -> BOSCOEPC -> AUTODROMO -> PIQ AUT-MAL -> MALVINAS
6685-1,6685,MSEVE.TV01,steam,5.0,5.7,1,bfs,6252,MALVINAS_132kV,5,MSEVE.TV01 -> ARCOR -> ARRO.VIE -> ARRO-CBA -> ARRO-CBA -> MALVINAS
6686-1,6686,MSEVTG01,ccgt,25.0,25.0,1,bfs,6252,MALVINAS_132kV,6,MSEVTG01 -> MSEVE.TV01 -> ARCOR -> ARRO.VIE -> ARRO-CBA -> ARRO-CBA -> MALVINAS
6687-1,6687,VMRSFV,solar,12.0,15.0,1,bfs,6252,MALVINAS_132kV,12,VMRSFV -> PS.VMS2_02 -> PS.VMS23_02 -> PS.VMS23_01 -> PSF.V.M.S. -> S.ELENA -> S.J.DORMIDA -> V.TOTORAL -> TOTORAL NVA -> JE.MARIA -> JE.MARIA -> NORTE -> MALVINAS
6688-1,6688,VMR2FV,solar,12.0,15.0,1,bfs,6252,MALVINAS_132kV,12,VMR2FV -> PS.VMS2_01 -> PS.VMS23_02 -> PS.VMS23_01 -> PSF.V.M.S. -> S.ELENA -> S.J.DORMIDA -> V.TOTORAL -> TOTORAL NVA -> JE.MARIA -> JE.MARIA -> NORTE -> MALVINAS
6691-1,6691,VMARTG12,ocgt,14.0,16.0,1,bfs,6203,A.CABRAL_132kV,2,VMARTG12 -> V.MARIA -> A.CABRAL
6691-2,6691,VMARTG12,ocgt,14.0,16.0,1,bfs,6203,A.CABRAL_132kV,2,VMARTG12 -> V.MARIA -> A.CABRAL
6693-3,6693,VMARTG03,ocgt,14.0,16.0,0,bfs,6203,A.CABRAL_132kV,2,VMARTG03 -> V.MARIA -> A.CABRAL
6695-1,6695,YANQDI01,diesel,1.5,1.53,1,bfs,6205,LUJAN.SL_132kV_1,6,YANQDI01 -> VM12-YPF -> V.MERCEDES -> V.MERCEDES -> V.MER.SU -> SLUIS.PIND -> LUJAN.SL2
6696-1,6696,BROCFV01,solar,20.8,26.0,1,bfs,6202,ALMAFUE._132kV_2,8,BROCFV01 -> CBROFV23_02 -> CBROFV23_01 -> CBROFV66 -> LA_VINA -> LA VINA -> MOLINOS -> REOLIN 2 -> ALMAFUE2
6697-1,6697,MANYLOEO01,wind,39.9,79.8,1,bfs,6205,LUJAN.SL_132kV_1,9,MANYLOEO01 -> MANQ33 -> ACHI33_02 -> ACHIRAPE -> PIQ126_01 -> LIM.CBA-SLS -> V.MERCEDES -> V.MER.SU -> SLUIS.PIND -> LUJAN.SL2
6824-1,6824,BVILDI01,diesel,4.0,5.0,0,bfs,6203,A.CABRAL_132kV,4,BVILDI01 -> B.VILLE -> V.MARIA1 -> V.MARIA -> A.CABRAL
6824-2,6824,BVILDI01,diesel,4.0,5.0,0,bfs,6203,A.CABRAL_132kV,4,BVILDI01 -> B.VILLE -> V.MARIA1 -> V.MARIA -> A.CABRAL
7600-1,7600,ANCHDI14,ocgt,9.73,10.0,0,bfs,7216,GRAN MZA_132kV,3,ANCHDI14 -> ANCHORIZ -> CRUZPIED -> GRAN MZA
7600-2,7600,ANCHDI14,ocgt,9.73,10.0,0,bfs,7216,GRAN MZA_132kV,3,ANCHDI14 -> ANCHORIZ -> CRUZPIED -> GRAN MZA
7600-3,7600,ANCHDI14,ocgt,9.73,10.0,0,bfs,7216,GRAN MZA_132kV,3,ANCHDI14 -> ANCHORIZ -> CRUZPIED -> GRAN MZA
7600-4,7600,ANCHDI14,ocgt,9.73,10.0,0,bfs,7216,GRAN MZA_132kV,3,ANCHDI14 -> ANCHORIZ -> CRUZPIED -> GRAN MZA
7601-1,7601,ADTOHI01,hydro,75.0,75.0,0,bfs,7104,GRAN MZA_220kV,3,ADTOHI01 -> A.TORO -> REYUNOS -> GRAN MZA
7602-2,7602,ADTOHI02,hydro,75.0,75.0,0,bfs,7104,GRAN MZA_220kV,3,ADTOHI02 -> A.TORO -> REYUNOS -> GRAN MZA
7603-1,7603,ETIGHI12,hydro,6.0,7.2,1,bfs,7216,GRAN MZA_132kV,6,ETIGHI12 -> EL TIGRE -> VARGAS -> CAPIZ -> ANCHORIZ -> CRUZPIED -> GRAN MZA
7603-2,7603,ETIGHI12,hydro,6.0,7.2,0,bfs,7216,GRAN MZA_132kV,6,ETIGHI12 -> EL TIGRE -> VARGAS -> CAPIZ -> ANCHORIZ -> CRUZPIED -> GRAN MZA
7604-26,7604,LDCUTG26,ocgt,35.0,45.0,1,bfs,7216,GRAN MZA_132kV,3,LDCUTG26 -> LUJ.CUYO -> CRUZPIED -> GRAN MZA
7605-27,7605,LDCUTG27,ocgt,35.0,45.0,1,bfs,7216,GRAN MZA_132kV,3,LDCUTG27 -> LUJ.CUYO -> CRUZPIED -> GRAN MZA
7607-1,7607,QUEMFV01,solar,80.0,100.0,1,bfs,7104,GRAN MZA_220kV,5,QUEMFV01 -> EQEUM33_03 -> EQEUM33_01 -> ELQUEMADO -> CRUZPIED -> GRAN MZA
7608-1,7608,ALGRFV01,solar,4.4,5.5,1,bfs,7203,NVA.SJUAN_132kV,5,ALGRFV01 -> CAUC13_01 -> CAUCETE -> CERVANTES -> LA BEBIDA -> NVA.SJUAN
7609-1,7609,HESRFV,solar,3.5,5.6,1,bfs,7216,GRAN MZA_132kV,9,HESRFV -> SROS13_01 -> SANTA.R -> TPORTICO -> BTUN66_01 -> TUNUYAN -> LC35 -> ANCHORIZ -> CRUZPIED -> GRAN MZA
7610-1,7610,LUNLHI01,hydro,6.3,6.5,1,bfs,7216,GRAN MZA_132kV,3,LUNLHI01 -> CRUZP13_01 -> CRUZPIED -> GRAN MZA
7611-1,7611,CDPITG21,ocgt,0.0,13.0,0,bfs,7216,GRAN MZA_132kV,2,CDPITG21 -> CRUZPIED -> GRAN MZA
7612-1,7612,ULN1FV01,solar,17.1,25.0,1,bfs,7203,NVA.SJUAN_132kV,6,ULN1FV01 -> ULLUM.N1_33 -> SOLAR.SJ_33 -> SOL.ULLUM -> COSTANERA -> LA BEBIDA -> NVA.SJUAN
7613-1,7613,ULN2FV01,solar,20.985,30.68,1,bfs,7203,NVA.SJUAN_132kV,6,ULN2FV01 -> ULLUM.N2_33 -> SOLAR.SJ_33 -> SOL.ULLUM -> COSTANERA -> LA BEBIDA -> NVA.SJUAN
7614-1,7614,ULL3FV01,solar,26.854,39.26,1,bfs,7203,NVA.SJUAN_132kV,6,ULL3FV01 -> ULLUM.3_33 -> SOLAR.SJ_33 -> SOL.ULLUM -> COSTANERA -> LA BEBIDA -> NVA.SJUAN
7615-1,7615,CARRHI01,hydro,8.5,8.5,1,bfs,7216,GRAN MZA_132kV,6,CARRHI01 -> CARRIZAL -> ARGENTIN -> ANCHORIZ -> ANCHORIZ -> CRUZPIED -> GRAN MZA
7616-2,7616,CARRHI02,hydro,8.5,8.5,1,bfs,7216,GRAN MZA_132kV,6,CARRHI02 -> CARRIZAL -> ARGENTIN -> ANCHORIZ -> ANCHORIZ -> CRUZPIED -> GRAN MZA
7617-1,7617,TAMBFV01,solar,2.4,3.0,1,bfs,7203,NVA.SJUAN_132kV,5,TAMBFV01 -> CALIN33_01 -> CALINGASTA -> BAUCHACETA.B -> RODEO -> NVA.SJUAN
7618-1,7618,SMARHI13,hydro,2.0,2.0,1,bfs,7216,GRAN MZA_132kV,7,SMARHI13 -> CH.SMART -> CARBOM.B -> G.CRUZ B -> CARBOM.A -> CRUZPIED -> CRUZPIED -> GRAN MZA
7618-2,7618,SMARHI13,hydro,2.0,2.0,1,bfs,7216,GRAN MZA_132kV,7,SMARHI13 -> CH.SMART -> CARBOM.B -> G.CRUZ B -> CARBOM.A -> CRUZPIED -> CRUZPIED -> GRAN MZA
7618-3,7618,SMARHI13,hydro,2.0,2.0,0,bfs,7216,GRAN MZA_132kV,7,SMARHI13 -> CH.SMART -> CARBOM.B -> G.CRUZ B -> CARBOM.A -> CRUZPIED -> CRUZPIED -> GRAN MZA
7619-1,7619,ULL4FV01,solar,9.234,13.5,1,bfs,7203,NVA.SJUAN_132kV,6,ULL4FV01 -> ULLUM.4_33 -> SOLAR.SJ_33 -> SOL.ULLUM -> COSTANERA -> LA BEBIDA -> NVA.SJUAN
7621-1,7621,ULLUHI01,hydro,20.0,21.0,1,bfs,7203,NVA.SJUAN_132kV,3,ULLUHI01 -> ULLUM -> SANJUAN1 -> NVA.SJUAN
7622-2,7622,ULLUHI02,hydro,20.0,21.0,1,bfs,7203,NVA.SJUAN_132kV,3,ULLUHI02 -> ULLUM -> SANJUAN1 -> NVA.SJUAN
7623-1,7623,CVIEHI01,hydro,4.0,8.4,1,bfs,7203,NVA.SJUAN_132kV,6,CVIEHI01 -> CVIENTO -> JACHAL -> JACHAL -> COSTANERA -> LA BEBIDA -> NVA.SJUAN
7624-1,7624,UL42FV01,solar,5.472,8.0,1,bfs,7203,NVA.SJUAN_132kV,6,UL42FV01 -> ULL.4_33 -> SOLAR.SJ_33 -> SOL.ULLUM -> COSTANERA -> LA BEBIDA -> NVA.SJUAN
7625-1,7625,PNEGHI01,hydro,28.0,31.64,1,bfs,7203,NVA.SJUAN_132kV,4,PNEGHI01 -> P.NEGRA -> RIELES -> SANJUAN1 -> NVA.SJUAN
7626-2,7626,PNEGHI02,hydro,28.0,31.64,1,bfs,7203,NVA.SJUAN_132kV,4,PNEGHI02 -> P.NEGRA -> RIELES -> SANJUAN1 -> NVA.SJUAN
7627-1,7627,QUEMFV02,solar,80.0,100.0,1,bfs,7104,GRAN MZA_220kV,5,QUEMFV02 -> EQEUM33_04 -> EQEUM33_02 -> ELQUEMADO -> CRUZPIED -> GRAN MZA
7629-1,7629,SULLFV01,solar,53.352,78.0,1,bfs,7203,NVA.SJUAN_132kV,6,SULLFV01 -> SULL33_01 -> SOLAR.SJ_33 -> SOL.ULLUM -> COSTANERA -> LA BEBIDA -> NVA.SJUAN
7630-1,7630,ZONDFV01,solar,80.0,100.0,1,bfs,7203,NVA.SJUAN_132kV,7,ZONDFV01 -> ZOND33_02 -> ZOND33_01 -> ZONDA2 -> ZONDA -> BAUCHACETA.B -> RODEO -> NVA.SJUAN
7631-1,7631,LREYHB01,hydro,100.0,115.0,1,bfs,7104,GRAN MZA_220kV,2,LREYHB01 -> REYUNOS -> GRAN MZA
7632-2,7632,LREYHB02,hydro,80.0,115.0,0,bfs,7104,GRAN MZA_220kV,2,LREYHB02 -> REYUNOS -> GRAN MZA
7633-1,7633,IGLEFV01,solar,64.0,80.0,1,bfs,7203,NVA.SJUAN_132kV,7,IGLEFV01 -> IGGU33_1 -> GUANIZUIL_A -> BAUCHACETA.A -> JACHAL -> COSTANERA -> LA BEBIDA -> NVA.SJUAN
7634-1,7634,SRAFFV01,solar,80.0,100.0,1,bfs,7104,GRAN MZA_220kV,5,SRAFFV01 -> PSSR33_01 -> PSSR33 -> A.TORO -> REYUNOS -> GRAN MZA
7635-1,7635,SRAFFV02,solar,80.0,100.0,1,bfs,7104,GRAN MZA_220kV,5,SRAFFV02 -> PSSR33_02 -> PSSR33 -> A.TORO -> REYUNOS -> GRAN MZA
7636-1,7636,MARCAFV01,solar,4.0,5.0,1,bfs,7216,GRAN MZA_132kV,9,MARCAFV01 -> PSMARCA_02 -> PSMARCA_01 -> PSMARCA -> EL.MARCADO -> LAMBARE -> PIQ.MCAS -> MCAS66_01 -> MCAS.CUY -> GRAN MZA
7637-1,7637,TOC3FV,solar,56.76,70.95,1,bfs,7203,NVA.SJUAN_132kV,6,TOC3FV -> TOCO33_02 -> TOCO33_01 -> TOCOTA -> BAUCHACETA.B -> RODEO -> NVA.SJUAN
7638-1,7638,HON4FV01,solar,4.0,5.0,1,bfs,7216,GRAN MZA_132kV,5,HON4FV01 -> HON433 -> C.HONDA33 -> C.HONDA -> CRUZPIED -> GRAN MZA
7639-1,7639,ACONFV,solar,21.6,27.0,1,bfs,7216,GRAN MZA_132kV,5,ACONFV -> ACONFV_13 -> LUJ.CUYO13 -> LUJ.CUYO -> CRUZPIED -> GRAN MZA
7641-1,7641,LMOLFV,solar,60.0,90.0,1,bfs,7104,GRAN MZA_220kV,12,LMOLFV -> CEQ33 -> LOSMOLLES33 -> MOLLES132 -> LOS MOLLES -> PU.ROJAS -> SOSNEADO -> NIHUIL 1 -> NIHUIL 2 -> NIHUIL -> A.TORO -> REYUNOS -> GRAN MZA
7642-2,7642,LDCUTG22,ccgt,20.0,28.8,1,bfs,7216,GRAN MZA_132kV,3,LDCUTG22 -> LUJ.CUYO -> CRUZPIED -> GRAN MZA
7643-3,7643,LDCUTG23,ocgt,20.0,22.8,1,bfs,7216,GRAN MZA_132kV,3,LDCUTG23 -> LUJ.CUYO -> CRUZPIED -> GRAN MZA
7644-4,7644,LDCUTG24,ocgt,20.0,22.8,1,bfs,7216,GRAN MZA_132kV,3,LDCUTG24 -> LUJ.CUYO -> CRUZPIED -> GRAN MZA
7645-G,7645,LDCUTG25,ccgt,170.0,197.0,1,bfs,7216,GRAN MZA_132kV,3,LDCUTG25 -> LUJ.CUYO -> CRUZPIED -> GRAN MZA
7646-1,7646,CARRFV01,solar,31.68,39.6,0,bfs,7216,GRAN MZA_132kV,6,CARRFV01 -> ARGENTINA33 -> ARGENTINA66 -> ANCHORIZ -> ANCHORIZ -> CRUZPIED -> GRAN MZA
7647-1,7647,HSR2FV01,solar,3.5,6.1,1,bfs,7216,GRAN MZA_132kV,9,HSR2FV01 -> SROS13_01 -> SANTA.R -> TPORTICO -> BTUN66_01 -> TUNUYAN -> LC35 -> ANCHORIZ -> CRUZPIED -> GRAN MZA
7648-1,7648,ANCHFV01,solar,144.0,180.0,1,bfs,7216,GRAN MZA_132kV,5,ANCHFV01 -> ANCHORISFV33 -> ANCHORISFV33 -> ANCHORIZ -> CRUZPIED -> GRAN MZA
7651-1,7651,LDCUTV11,steam,59.0,60.0,1,bfs,7216,GRAN MZA_132kV,3,LDCUTV11 -> LUJ.CUYO -> CRUZPIED -> GRAN MZA
7652-2,7652,LDCUTV12,steam,55.0,60.0,1,bfs,7216,GRAN MZA_132kV,3,LDCUTV12 -> LUJ.CUYO -> CRUZPIED -> GRAN MZA
7653-3,7653,LDCUTV15,ccgt,80.0,98.0,1,bfs,7216,GRAN MZA_132kV,3,LDCUTV15 -> LUJ.CUYO -> CRUZPIED -> GRAN MZA
7661-1,7661,NIH1HI01,hydro,18.0,19.0,1,bfs,7104,GRAN MZA_220kV,6,NIH1HI01 -> NIHUIL 1 -> NIHUIL 2 -> NIHUIL -> A.TORO -> REYUNOS -> GRAN MZA
7662-2,7662,NIH1HI02,hydro,18.0,19.0,1,bfs,7104,GRAN MZA_220kV,6,NIH1HI02 -> NIHUIL 1 -> NIHUIL 2 -> NIHUIL -> A.TORO -> REYUNOS -> GRAN MZA
7663-3,7663,NIH1HI03,hydro,18.0,19.0,1,bfs,7104,GRAN MZA_220kV,6,NIH1HI03 -> NIHUIL 1 -> NIHUIL 2 -> NIHUIL -> A.TORO -> REYUNOS -> GRAN MZA
7664-4,7664,NIH1HI04,hydro,18.0,19.0,1,bfs,7104,GRAN MZA_220kV,6,NIH1HI04 -> NIHUIL 1 -> NIHUIL 2 -> NIHUIL -> A.TORO -> REYUNOS -> GRAN MZA
7665-1,7665,CACHHI01,hydro,28.0,30.0,1,bfs,7216,GRAN MZA_132kV,6,CACHHI01 -> CACHEUTA -> PI-PIP_1 -> P.I.PE_1 -> LUJ.CUYO -> CRUZPIED -> GRAN MZA
7666-2,7666,CACHHI02,hydro,28.0,30.0,1,bfs,7216,GRAN MZA_132kV,6,CACHHI02 -> CACHEUTA -> PI-PIP_1 -> P.I.PE_1 -> LUJ.CUYO -> CRUZPIED -> GRAN MZA
7667-3,7667,CACHHI03,hydro,28.0,30.0,1,bfs,7216,GRAN MZA_132kV,6,CACHHI03 -> CACHEUTA -> PI-PIP_1 -> P.I.PE_1 -> LUJ.CUYO -> CRUZPIED -> GRAN MZA
7668-4,7668,CACHHI04,hydro,28.0,30.0,1,bfs,7216,GRAN MZA_132kV,6,CACHHI04 -> CACHEUTA -> PI-PIP_1 -> P.I.PE_1 -> LUJ.CUYO -> CRUZPIED -> GRAN MZA
7671-1,7671,NIH2HI01,hydro,18.0,21.3,0,bfs,7104,GRAN MZA_220kV,5,NIH2HI01 -> NIHUIL 2 -> NIHUIL -> A.TORO -> REYUNOS -> GRAN MZA
7672-2,7672,NIH2HI02,hydro,18.0,21.3,0,bfs,7104,GRAN MZA_220kV,5,NIH2HI02 -> NIHUIL 2 -> NIHUIL -> A.TORO -> REYUNOS -> GRAN MZA
7673-3,7673,NIH2HI03,hydro,18.0,21.3,0,bfs,7104,GRAN MZA_220kV,5,NIH2HI03 -> NIHUIL 2 -> NIHUIL -> A.TORO -> REYUNOS -> GRAN MZA
7674-4,7674,NIH2HI04,hydro,18.0,21.3,0,bfs,7104,GRAN MZA_220kV,5,NIH2HI04 -> NIHUIL 2 -> NIHUIL -> A.TORO -> REYUNOS -> GRAN MZA
7675-5,7675,NIH2HI05,hydro,18.0,21.3,0,bfs,7104,GRAN MZA_220kV,5,NIH2HI05 -> NIHUIL 2 -> NIHUIL -> A.TORO -> REYUNOS -> GRAN MZA
7676-6,7676,NIH2HI06,hydro,12.0,21.3,1,bfs,7104,GRAN MZA_220kV,5,NIH2HI06 -> NIHUIL 2 -> NIHUIL -> A.TORO -> REYUNOS -> GRAN MZA
7677-1,7677,CONDHI01,hydro,21.0,25.0,1,bfs,7216,GRAN MZA_132kV,8,CONDHI01 -> CH.ACOND -> CH.SMART -> CARBOM.B -> G.CRUZ B -> CARBOM.A -> CRUZPIED -> CRUZPIED -> GRAN MZA
7678-2,7678,CONDHI02,hydro,12.0,14.6,1,bfs,7216,GRAN MZA_132kV,8,CONDHI02 -> CH.ACOND -> CH.SMART -> CARBOM.B -> G.CRUZ B -> CARBOM.A -> CRUZPIED -> CRUZPIED -> GRAN MZA
7679-3,7679,CONDHI03,hydro,12.0,14.6,1,bfs,7216,GRAN MZA_132kV,8,CONDHI03 -> CH.ACOND -> CH.SMART -> CARBOM.B -> G.CRUZ B -> CARBOM.A -> CRUZPIED -> CRUZPIED -> GRAN MZA
7680-1,7680,QULLHI01,hydro,25.0,41.0,0,bfs,7203,NVA.SJUAN_132kV,4,QULLHI01 -> Q.ULLUM -> RIELES -> SANJUAN1 -> NVA.SJUAN
7681-1,7681,NIH3HI01,hydro,18.0,26.2,1,bfs,7104,GRAN MZA_220kV,6,NIH3HI01 -> NIHUIL 3 -> NIHUIL 2 -> NIHUIL -> A.TORO -> REYUNOS -> GRAN MZA
7682-2,7682,NIH3HI02,hydro,18.0,26.2,1,bfs,7104,GRAN MZA_220kV,6,NIH3HI02 -> NIHUIL 3 -> NIHUIL 2 -> NIHUIL -> A.TORO -> REYUNOS -> GRAN MZA
7683-1,7683,NIH4HI01,hydro,19.0,26.0,1,bfs,7104,GRAN MZA_220kV,7,NIH4HI01 -> NIHUIL 4 -> NIHUIL 3 -> NIHUIL 2 -> NIHUIL -> A.TORO -> REYUNOS -> GRAN MZA
7684-1,7684,SANDFV01,solar,4.0,5.0,1,bfs,7216,GRAN MZA_132kV,7,SANDFV01 -> MARCA13_01 -> EL.MARCADO -> LAMBARE -> PIQ.MCAS -> MCAS66_01 -> MCAS.CUY -> GRAN MZA
7685-1,7685,HON1FV01,solar,5.6,7.0,1,bfs,7216,GRAN MZA_132kV,4,HON1FV01 -> C.HONDA33 -> C.HONDA -> CRUZPIED -> GRAN MZA
7686-1,7686,ANPCFV01,solar,2.4,3.0,1,bfs,7203,NVA.SJUAN_132kV,3,ANPCFV01 -> LBEB13_01 -> LA BEBIDA -> NVA.SJUAN
7689-1,7689,DIAGFV01,solar,2.9,3.0,1,bfs,7203,NVA.SJUAN_132kV,4,DIAGFV01 -> COST33_01 -> COSTANERA -> LA BEBIDA -> NVA.SJUAN
7691-1,7691,SARCTG12,ocgt,9.0,9.0,1,bfs,7203,NVA.SJUAN_132kV,4,SARCTG12 -> SARMISJU -> SAN JUAN -> SANJUAN1 -> NVA.SJUAN
7691-2,7691,SARCTG12,ocgt,9.0,9.0,1,bfs,7203,NVA.SJUAN_132kV,4,SARCTG12 -> SARMISJU -> SAN JUAN -> SANJUAN1 -> NVA.SJUAN
7693-3,7693,SARCTG23,ocgt,8.0,9.0,0,bfs,7203,NVA.SJUAN_132kV,4,SARCTG23 -> SARMISJU -> SAN JUAN -> SANJUAN1 -> NVA.SJUAN
7694-1,7694,CCOLHI01,hydro,30.0,60.0,1,bfs,7203,NVA.SJUAN_132kV,5,CCOLHI01 -> CARACOL -> P.NEGRA -> RIELES -> SANJUAN1 -> NVA.SJUAN
7695-2,7695,CCOLHI02,hydro,30.0,60.0,1,bfs,7203,NVA.SJUAN_132kV,5,CCOLHI02 -> CARACOL -> P.NEGRA -> RIELES -> SANJUAN1 -> NVA.SJUAN
7696-1,7696,COROHI01,hydro,3.0,3.3,1,bfs,7216,GRAN MZA_132kV,7,COROHI01 -> 25DEMAYO -> VARGAS -> VARGAS -> CAPIZ -> ANCHORIZ -> CRUZPIED -> GRAN MZA
7697-1,7697,COROHI02,hydro,3.0,3.3,1,bfs,7216,GRAN MZA_132kV,7,COROHI02 -> 25DEMAYO -> VARGAS -> VARGAS -> CAPIZ -> ANCHORIZ -> CRUZPIED -> GRAN MZA
7902-1,7902,GZ2AFV01,solar,80.0,100.0,1,bfs,7203,NVA.SJUAN_132kV,9,GZ2AFV01 -> GUAII08_01 -> GUAII33_01 -> GUAII33_02 -> GUANIZUIL_B -> BAUCHACETA.A -> JACHAL -> COSTANERA -> LA BEBIDA -> NVA.SJUAN
8249-1,8249,INDEPCCG,ccgt,180.0,180.0,0,bfs,8232,BRACHO_132kV_3,2,INDEPCCG -> INDEPEN1 -> BRACHO2
8251-1,8251,INDEPCCV,ccgt,90.0,90.0,0,bfs,8232,BRACHO_132kV_3,2,INDEPCCV -> INDEPEN1 -> BRACHO2
8600-1,8600,SMTUTG01,ccgt,110.0,116.0,1,sin_conexion,,,-1,
8602-1,8602,PPNOTG01,ocgt,110.0,112.0,1,sin_conexion,,,-1,
8603-2,8603,PPNOTG02,ocgt,110.0,112.0,1,sin_conexion,,,-1,
8604-1,8604,ISBATV01,diesel,16.2,16.2,1,sin_conexion,,,-1,
8605-2,8605,SPEDTG22,ocgt,6.0,6.0,0,bfs,8300,JUANCITO_132kV,2,SPEDTG22 -> SPED.JUJ -> JUANCITO
8607-1,8607,BANDDI01,diesel,30.0,32.0,1,bfs,8302,MQUEMADO_132kV,8,BANDDI01 -> BANDERA -> BANDERA -> ANATUYA -> S.CORRAL -> QUIMILI -> CAMPOGALLO -> COPO -> MQUEMADO
8608-1,8608,CAIMDI13,diesel,18.0,18.32,1,bfs,8300,JUANCITO_132kV,4,CAIMDI13 -> CAIMANCI -> LIBERTADOR -> SPED.JUJ -> JUANCITO
8608-2,8608,CAIMDI13,diesel,18.0,18.32,1,bfs,8300,JUANCITO_132kV,4,CAIMDI13 -> CAIMANCI -> LIBERTADOR -> SPED.JUJ -> JUANCITO
8608-3,8608,CAIMDI13,diesel,18.0,18.32,1,bfs,8300,JUANCITO_132kV,4,CAIMDI13 -> CAIMANCI -> LIBERTADOR -> SPED.JUJ -> JUANCITO
8609-1,8609,CATADI01,diesel,22.4,22.4,1,bfs,8292,RECREO_132kV,5,CATADI01 -> CATA.TER -> CATAMARC -> PICATA -> EM S.MARTIN -> RECREO
8610-4,8610,CAIMDI45,diesel,18.0,18.32,0,bfs,8300,JUANCITO_132kV,4,CAIMDI45 -> CAIMANCI -> LIBERTADOR -> SPED.JUJ -> JUANCITO
8610-5,8610,CAIMDI45,diesel,18.0,18.32,0,bfs,8300,JUANCITO_132kV,4,CAIMDI45 -> CAIMANCI -> LIBERTADOR -> SPED.JUJ -> JUANCITO
8611-1,8611,TUCUTG01,ccgt,130.0,144.2,1,sin_conexion,,,-1,
8612-2,8612,TUCUTG02,ccgt,100.0,144.2,1,sin_conexion,,,-1,
8613-3,8613,TUCUTV01,ccgt,120.0,158.6,1,sin_conexion,,,-1,
8614-2,8614,SMTUTG02,ccgt,110.0,118.0,1,directo,8614,BRACHO_15.7kV_1,0,
8615-3,8615,SMTUTV01,ccgt,130.0,151.5,1,directo,8615,BRACHO_15.7kV_2,0,
8616-3,8616,INDETG03,ocgt,49.0,49.76,1,bfs,8232,BRACHO_132kV_3,2,INDETG03 -> INDEPEN1 -> BRACHO2
8617-1,8617,INTADI01,diesel,4.5,7.0,1,bfs,8292,RECREO_132kV,5,INTADI01 -> CATA.TER -> CATAMARC -> PICATA -> EM S.MARTIN -> RECREO
8618-1,8618,PICADI01,diesel,14.0,15.0,1,bfs,8292,RECREO_132kV,5,PICADI01 -> CAT.SEC1 -> CATAMARC -> PICATA -> EM S.MARTIN -> RECREO
8619-1,8619,TERVDI01,diesel,6.0,8.0,0,bfs,8292,RECREO_132kV,5,TERVDI01 -> CATA.TER -> CATAMARC -> PICATA -> EM S.MARTIN -> RECREO
8620-4,8620,INDETG04,ocgt,50.0,52.0,1,bfs,8232,BRACHO_132kV_3,2,INDETG04 -> INDEPEN1 -> BRACHO2
8621-1,8621,CAFADI01,diesel,0.0,4.8,0,bfs,8120,COBOS_345kV,9,CAFADI01 -> CAFAYATE -> CAFAYATE -> PS_CAFAYATE -> P.GRANDE -> TRANCAS -> NOGALES -> METAN -> COBOS -> COBOS
8622-1,8622,TANDTG01,ocgt,180.0,229.0,1,bfs,8120,COBOS_345kV,1,TANDTG01 -> COBOS
8623-2,8623,TANDTG02,ocgt,180.0,229.0,1,bfs,8120,COBOS_345kV,1,TANDTG02 -> COBOS
8624-1,8624,TANDTV01,ocgt,180.0,229.0,1,bfs,8120,COBOS_345kV,1,TANDTV01 -> COBOS
8625-24,8625,LRIOTG24,ocgt,47.0,50.0,1,bfs,8271,RIOJASUR_132kV,2,LRIOTG24 -> RIOJA NORTE -> RIOJASUR
8626-1,8626,LPUNFV,solar,87.0,101.25,1,bfs,8120,COBOS_345kV,6,LPUNFV -> PUNA33_01 -> ALTI133_02 -> ALT133_05 -> LA PUNA -> ALTIPLANO -> COBOS
8627-1,8627,ALT1FV,solar,87.0,101.25,1,bfs,8120,COBOS_345kV,6,ALT1FV -> ALTI133_03 -> ALTI133_01 -> ALT133_04 -> LA PUNA -> ALTIPLANO -> COBOS
8628-1,8628,LOMAFV01,solar,25.92,32.4,1,bfs,8271,RIOJASUR_132kV,4,LOMAFV01 -> NONOGAS. -> NONOGSTA -> EMPIQUETE63 -> RIOJASUR
8629-1,8629,LRIOFV01,solar,53.336,66.67,1,bfs,8271,RIOJASUR_132kV,3,LRIOFV01 -> PS_NONOGASTA -> EMPIQUETE63 -> RIOJASUR
8630-1,8630,CADIHI12,hydro,6.0,6.0,1,bfs,8120,COBOS_345kV,6,CADIHI12 -> CADILLAL -> TUCUNOR2 -> NOGALES -> METAN -> COBOS -> COBOS
8630-2,8630,CADIHI12,hydro,6.0,6.0,1,bfs,8120,COBOS_345kV,6,CADIHI12 -> CADILLAL -> TUCUNOR2 -> NOGALES -> METAN -> COBOS -> COBOS
8631-1,8631,CCORHI01,hydro,30.0,33.0,1,bfs,8120,COBOS_345kV,5,CCORHI01 -> C.CORRAL -> S.AGUSTI -> SALTAEST -> COBOS -> COBOS
8632-2,8632,CCORHI02,hydro,30.0,33.0,1,bfs,8120,COBOS_345kV,5,CCORHI02 -> C.CORRAL -> S.AGUSTI -> SALTAEST -> COBOS -> COBOS
8633-3,8633,CCORHI03,hydro,30.0,33.0,0,bfs,8120,COBOS_345kV,5,CCORHI03 -> C.CORRAL -> S.AGUSTI -> SALTAEST -> COBOS -> COBOS
8634-1,8634,TUNAHI01,hydro,5.0,5.0,1,bfs,8120,COBOS_345kV,5,TUNAHI01 -> EL TUNAL -> GALPON -> METAN -> COBOS -> COBOS
8635-2,8635,TUNAHI02,hydro,5.0,5.0,1,bfs,8120,COBOS_345kV,5,TUNAHI02 -> EL TUNAL -> GALPON -> METAN -> COBOS -> COBOS
8637-1,8637,BRCHTG01,ocgt,230.0,268.0,1,directo,8637,BRACHO_15.8kV,0,
8638-1,8638,CAU1FV01,solar,95.0,116.97,1,sin_conexion,,,-1,
8639-2,8639,CAU2FV01,solar,95.0,116.97,1,sin_conexion,,,-1,
8640-3,8640,CAU3FV01,solar,95.0,116.97,1,sin_conexion,,,-1,
8641-1,8641,ESCAHI01,hydro,8.0,8.0,1,bfs,8232,BRACHO_132kV_3,7,ESCAHI01 -> ESCABA -> AGUILARE -> A.VERDE -> V.QUINTE -> A.BLANCA -> INDEPEN1 -> BRACHO2
8642-2,8642,ESCAHI02,hydro,6.0,8.0,1,bfs,8232,BRACHO_132kV_3,7,ESCAHI02 -> ESCABA -> AGUILARE -> A.VERDE -> V.QUINTE -> A.BLANCA -> INDEPEN1 -> BRACHO2
8643-3,8643,ESCAHI03,hydro,5.0,8.0,1,bfs,8232,BRACHO_132kV_3,7,ESCAHI03 -> ESCABA -> AGUILARE -> A.VERDE -> V.QUINTE -> A.BLANCA -> INDEPEN1 -> BRACHO2
8644-1,8644,FRIATG01,ocgt,47.0,64.9,1,bfs,8292,RECREO_132kV,2,FRIATG01 -> FRIAS -> RECREO
8645-1,8645,AR21EO01,wind,52.5,105.0,1,bfs,8271,RIOJASUR_132kV,4,AR21EO01 -> ARA233_12 -> ARA233_01 -> ARAUCO_2 -> RIOJASUR
8648-2,8648,CITRDI02,biogas,1.9,2.0,1,bfs,8230,BRACHO_132kV_2,3,CITRDI02 -> CEV.POZO -> CEV.POZO -> BRACHO1
8649-2,8649,AR22EO01,wind,49.7,99.4,1,bfs,8271,RIOJASUR_132kV,4,AR22EO01 -> ARA233_22 -> ARA233_02 -> ARAUCO_2 -> RIOJASUR
8651-1,8651,GUEMTV11,steam,60.0,63.0,0,bfs,8300,JUANCITO_132kV,2,GUEMTV11 -> GUEMES -> JUANCITO
8652-2,8652,GUEMTV12,steam,60.0,63.0,0,bfs,8300,JUANCITO_132kV,2,GUEMTV12 -> GUEMES -> JUANCITO
8653-3,8653,GUEMTV13,steam,25.0,135.0,0,bfs,8300,JUANCITO_132kV,2,GUEMTV13 -> GUEMES -> JUANCITO
8654-1,8654,GUEMTG01,ocgt,40.0,110.0,0,bfs,8300,JUANCITO_132kV,2,GUEMTG01 -> GUEMES -> JUANCITO
8655-1,8655,CAFAFV,solar,32.0,40.0,1,bfs,8120,COBOS_345kV,9,CAFAFV -> PS_CAFA_1 -> PS_CAFA33_1 -> PS_CAFAYATE -> P.GRANDE -> TRANCAS -> NOGALES -> METAN -> COBOS -> COBOS
8656-2,8656,ARAUEO,wind,12.6,25.2,1,bfs,8271,RIOJASUR_132kV,4,ARAUEO -> ARAU33_1 -> ARAUCO_1 -> RIOJA NORTE -> RIOJASUR
8657-1,8657,LRISDI01,diesel,13.0,13.8,0,bfs,8271,RIOJASUR_132kV,4,LRISDI01 -> CDSUR -> RIOJ.TER -> RIOJA NORTE -> RIOJASUR
8658-1,8658,ARAUEO,wind,12.6,25.2,1,bfs,8271,RIOJASUR_132kV,4,ARAUEO -> ARAU33_1 -> ARAUCO_1 -> RIOJA NORTE -> RIOJASUR
8659-1,8659,CHAMFVII,solar,8.0,10.0,0,bfs,8271,RIOJASUR_132kV,4,CHAMFVII -> PATQ33_01 -> PATQUIA -> EMPIQUETE63 -> RIOJASUR
8660-1,8660,LRIOTG13,ocgt,10.0,16.0,0,bfs,8271,RIOJASUR_132kV,2,LRIOTG13 -> RIOJA NORTE -> RIOJASUR
8660-2,8660,LRIOTG13,ocgt,10.0,15.0,0,bfs,8271,RIOJASUR_132kV,2,LRIOTG13 -> RIOJA NORTE -> RIOJASUR
8660-3,8660,LRIOTG13,ocgt,10.0,16.0,0,bfs,8271,RIOJASUR_132kV,2,LRIOTG13 -> RIOJA NORTE -> RIOJASUR
8661-G,8661,INDEVG,ocgt,10.0,10.0,0,bfs,8232,BRACHO_132kV_3,2,INDEVG -> INDEPEN1 -> BRACHO2
8663-1,8663,PIQIDI01,ocgt,30.0,31.19,1,bfs,8300,JUANCITO_132kV,9,PIQIDI01 -> PIQUIREN -> TARTAGAL -> TARTAGAL -> S.HACHADA -> PICHANAL -> CAIMANCI -> LIBERTADOR -> SPED.JUJ -> JUANCITO
8664-4,8664,INDETV14,steam,0.0,25.0,0,bfs,8232,BRACHO_132kV_3,2,INDETV14 -> INDEPEN1 -> BRACHO2
8665-5,8665,INDETV15,steam,0.0,25.0,0,bfs,8232,BRACHO_132kV_3,2,INDETV15 -> INDEPEN1 -> BRACHO2
8666-1,8666,TINZFV01,solar,8.0,10.0,1,bfs,8232,BRACHO_132kV_3,10,TINZFV01 -> TINO.TOZZI -> TINOG33_01 -> TINOGAST -> BELEN -> ANDALGAL -> ACONQUIJ -> V.QUINTE -> A.BLANCA -> INDEPEN1 -> BRACHO2
8667-1,8667,LMADHI01,hydro,12.0,15.0,1,bfs,8300,JUANCITO_132kV,3,LMADHI01 -> MADERAS -> GUEMES -> JUANCITO
8668-3,8668,ARAUEO,wind,12.6,25.2,0,bfs,8271,RIOJASUR_132kV,4,ARAUEO -> ARAU33_2 -> ARAUCO_1 -> RIOJA NORTE -> RIOJASUR
8669-2,8669,LMADHI02,hydro,12.0,15.0,0,bfs,8300,JUANCITO_132kV,3,LMADHI02 -> MADERAS -> GUEMES -> JUANCITO
8670-4,8670,ARAUEO,wind,12.6,25.2,0,bfs,8271,RIOJASUR_132kV,4,ARAUEO -> ARAU33_2 -> ARAUCO_1 -> RIOJA NORTE -> RIOJASUR
8671-1,8671,LEDE.TV01,ocgt,15.0,34.1,1,bfs,8300,JUANCITO_132kV,5,LEDE.TV01 -> LEDE3301 -> LIBER33_01 -> LIBERTADOR -> SPED.JUJ -> JUANCITO
8672-2,8672,LEDE.TV02,ocgt,8.0,16.4,1,bfs,8300,JUANCITO_132kV,4,LEDE.TV02 -> LIBER33_01 -> LIBERTADOR -> SPED.JUJ -> JUANCITO
8673-1,8673,LIBEDI01,diesel,2.0,28.0,1,bfs,8300,JUANCITO_132kV,4,LIBEDI01 -> LIBER13_01 -> LIBERTADOR -> SPED.JUJ -> JUANCITO
8674-1,8674,TIN2FV01,solar,5.6,7.0,1,bfs,8232,BRACHO_132kV_3,10,TIN2FV01 -> TINOGFV_02 -> TINOG13_02 -> TINOGAST -> BELEN -> ANDALGAL -> ACONQUIJ -> V.QUINTE -> A.BLANCA -> INDEPEN1 -> BRACHO2
8675-1,8675,TINOFV01,solar,14.08,17.6,1,bfs,8232,BRACHO_132kV_3,10,TINOFV01 -> TINOGFV_01 -> TINOG33_02 -> TINOGAST -> BELEN -> ANDALGAL -> ACONQUIJ -> V.QUINTE -> A.BLANCA -> INDEPEN1 -> BRACHO2
8676-1,8676,NONOFV01,solar,28.0,35.0,1,sin_conexion,,,-1,
8677-2,8677,CAFAFV,solar,32.0,40.0,1,bfs,8120,COBOS_345kV,9,CAFAFV -> PS_CAFA_2 -> PS_CAFA33_1 -> PS_CAFAYATE -> P.GRANDE -> TRANCAS -> NOGALES -> METAN -> COBOS -> COBOS
8678-1,8678,SAUJFV01,solar,18.0,22.5,1,bfs,8232,BRACHO_132kV_3,9,SAUJFV01 -> SAUJ33_02 -> SAUJ33_01 -> SAUJIL -> ANDALGAL -> ACONQUIJ -> V.QUINTE -> A.BLANCA -> INDEPEN1 -> BRACHO2
8680-1,8680,RHONHI12,hydro,7.5,8.0,1,bfs,8313,SANTIAGO_132kV,4,RHONHI12 -> R.HONDO -> SGO.OEST -> PI SGO OESTE -> SANTIAGO
8680-2,8680,RHONHI12,hydro,7.5,8.0,1,bfs,8313,SANTIAGO_132kV,4,RHONHI12 -> R.HONDO -> SGO.OEST -> PI SGO OESTE -> SANTIAGO
8681-1,8681,PVIEHI01,hydro,8.0,8.0,1,bfs,8232,BRACHO_132kV_3,5,PVIEHI01 -> P.VIEJO -> V.QUINTE -> A.BLANCA -> INDEPEN1 -> BRACHO2
8682-2,8682,PVIEHI02,hydro,6.0,8.0,1,bfs,8232,BRACHO_132kV_3,5,PVIEHI02 -> P.VIEJO -> V.QUINTE -> A.BLANCA -> INDEPEN1 -> BRACHO2
8683-1,8683,CHLEDI01,diesel,12.0,13.41,0,bfs,8271,RIOJASUR_132kV,6,CHLEDI01 -> CHILECIT -> CHILECIT -> NONOGAS. -> NONOGSTA -> EMPIQUETE63 -> RIOJASUR
8684-1,8684,SLTADI01,diesel,14.0,15.0,0,bfs,8120,COBOS_345kV,5,SLTADI01 -> SALTASUR -> SALTASUR -> SALTAEST -> COBOS -> COBOS
8685-1,8685,ORADDI01,diesel,10.0,15.0,1,bfs,8300,JUANCITO_132kV,8,ORADDI01 -> ORA.TER -> ORAN -> TABACAL -> PICHANAL -> CAIMANCI -> LIBERTADOR -> SPED.JUJ -> JUANCITO
8686-1,8686,TABATV01,diesel,30.0,36.08,1,bfs,8300,JUANCITO_132kV,6,TABATV01 -> TABACAL -> PICHANAL -> CAIMANCI -> LIBERTADOR -> SPED.JUJ -> JUANCITO
8687-1,8687,INDETG01,ocgt,60.0,64.9,0,bfs,8232,BRACHO_132kV_3,2,INDETG01 -> INDEPEN2 -> BRACHO2
8688-2,8688,INDETG02,ocgt,60.0,64.9,1,bfs,8232,BRACHO_132kV_3,2,INDETG02 -> INDEPEN2 -> BRACHO2
8689-1,8689,SCARFV01,solar,12.368,15.46,1,bfs,8120,COBOS_345kV,11,SCARFV01 -> PSSC33_02 -> PSSC33_01 -> CAFAYATE -> CAFAYATE -> PS_CAFAYATE -> P.GRANDE -> TRANCAS -> NOGALES -> METAN -> COBOS -> COBOS
8690-1,8690,SALTTG21,ocgt,10.0,10.0,0,bfs,8120,COBOS_345kV,4,SALTTG21 -> SALTASUR -> SALTAEST -> COBOS -> COBOS
8691-1,8691,RREYHI12,hydro,3.0,4.0,1,bfs,8300,JUANCITO_132kV,6,RREYHI12 -> REYES -> JUJUYSUR -> JUJUYSUR -> JUJUYEST -> PALPALA -> JUANCITO
8691-2,8691,RREYHI12,hydro,3.5,4.0,1,bfs,8300,JUANCITO_132kV,6,RREYHI12 -> REYES -> JUJUYSUR -> JUJUYSUR -> JUJUYEST -> PALPALA -> JUANCITO
8692-1,8692,ANATDI01,diesel,17.0,19.2,1,bfs,8302,MQUEMADO_132kV,7,ANATDI01 -> ANATUYA -> ANATUYA -> S.CORRAL -> QUIMILI -> CAMPOGALLO -> COPO -> MQUEMADO
8693-1,8693,ANATDI02,diesel,15.0,15.68,1,bfs,8302,MQUEMADO_132kV,7,ANATDI02 -> ANATUYA -> ANATUYA -> S.CORRAL -> QUIMILI -> CAMPOGALLO -> COPO -> MQUEMADO
8694-1,8694,FIAMFV01,solar,8.8,11.0,1,bfs,8232,BRACHO_132kV_3,12,FIAMFV01 -> FIAMFV_02 -> FIAMFV_01 -> FIAM33 -> FIAMBALA -> TINOGAST -> BELEN -> ANDALGAL -> ACONQUIJ -> V.QUINTE -> A.BLANCA -> INDEPEN1 -> BRACHO2
8695-1,8695,TINODI01,diesel,15.0,16.08,1,bfs,8232,BRACHO_132kV_3,9,TINODI01 -> TINOG13_01 -> TINOGAST -> BELEN -> ANDALGAL -> ACONQUIJ -> V.QUINTE -> A.BLANCA -> INDEPEN1 -> BRACHO2
8697-1,8697,LEDE.TV03,ocgt,40.0,40.0,0,bfs,8300,JUANCITO_132kV,4,LEDE.TV03 -> LIBER33_01 -> LIBERTADOR -> SPED.JUJ -> JUANCITO
8698-1,8698,LRI3FV01,solar,17.6,22.0,1,sin_conexion,,,-1,
8699-1,8699,LRI2FV,solar,16.0,20.0,1,bfs,8271,RIOJASUR_132kV,5,LRI2FV -> LRI2FV_33 -> NONOGASTA_33 -> PS_NONOGASTA -> EMPIQUETE63 -> RIOJASUR
8900-1,8900,BRCHTV01,steam,200.0,216.8,1,directo,8900,BRACHO_18kV,0,
8901-1,8901,LLANFV01,solar,16.0,20.0,1,bfs,8271,RIOJASUR_132kV,6,LLANFV01 -> LLANO33_01 -> CHAM33_01 -> CHAMICAL -> PATQUIA -> EMPIQUETE63 -> RIOJASUR
8902-2,8902,LEALTV02,biomass,4.0,5.0,1,sin_conexion,,,-1,
8903-1,8903,VUNIFV,solar,48.0,60.0,1,bfs,8271,RIOJASUR_132kV,6,VUNIFV -> VUNIFV_33 -> V.UNION_33 -> V.UNION -> NONOGSTA -> EMPIQUETE63 -> RIOJASUR
8904-1,8904,AMA4FV,solar,9.6,12.0,1,sin_conexion,,,-1,
8905-4,8905,CAU4FV,solar,80.0,100.0,0,bfs,8120,COBOS_345kV,3,CAU4FV -> CAU4_33 -> ALTIPLANO -> COBOS
8906-5,8906,CAU5FV,solar,80.0,100.0,0,bfs,8120,COBOS_345kV,3,CAU5FV -> CAU5_33 -> ALTIPLANO -> COBOS
8907-1,8907,ARA1FV,solar,40.0,50.0,1,bfs,8271,RIOJASUR_132kV,4,ARA1FV -> ARAU33_2 -> ARAUCO_1 -> RIOJA NORTE -> RIOJASUR
8908-1,8908,LFLOTV01,steam,30.0,35.0,1,bfs,8230,BRACHO_132kV_2,3,LFLOTV01 -> LA FLORIDA -> CEV.POZO -> BRACHO1
8908-2,8908,LFLOTV01,steam,3.0,12.0,1,bfs,8230,BRACHO_132kV_2,3,LFLOTV01 -> LA FLORIDA -> CEV.POZO -> BRACHO1
8917-1,8917,SMARFV01,solar,281.6,352.0,1,bfs,8292,RECREO_132kV,5,SMARFV01 -> PSSMAR33_02 -> PSSMAR33_01 -> PSS.MAR -> EM S.MARTIN -> RECREO
8956-1,8956,CITRDI01,diesel,1.9,2.0,1,bfs,8230,BRACHO_132kV_2,3,CITRDI01 -> CEV.POZO -> CEV.POZO -> BRACHO1
8957-1,8957,LEALTV01,biomass,4.0,7.0,1,bfs,8230,BRACHO_132kV_2,2,LEALTV01 -> BRAC33_01 -> BRACHO1
8960-3,8960,AR23EO01,wind,52.0,104.0,1,bfs,8271,RIOJASUR_132kV,4,AR23EO01 -> ARA233_32 -> ARA233_03 -> ARAUCO_2 -> RIOJASUR
8992-1,8992,ANT1FV01,solar,4.8,6.0,0,bfs,8302,MQUEMADO_132kV,7,ANT1FV01 -> ANATUYA -> ANATUYA -> S.CORRAL -> QUIMILI -> CAMPOGALLO -> COPO -> MQUEMADO
